問題ID,カードID,型,学年,分野,時代,ページID,ページ,必修,問題文,正解,読み,許容・注意,解説
Q0001,C0010,A,3年,市の様子,,3-01-05,3,★,建物や土地などを表す、全国共通の記号を何という？,地図記号,ちずきごう,,小さな地図にも多くの情報を表せるので使われる。
Q0002,C0019,B,3年,市の様子,,3-01-01,6,★,市は、【　】の中にある、地域のまとまりの一つである。,都道府県,とどうふけん,,日本は47の都道府県に分かれ、その中に市などがある。
Q0003,C0020|C0026,A,3年|3年,市の様子|市の様子,,3-01-01|3-01-02,6|7,★,土地がどのように使われているかを何という？,土地利用,とちりよう,,住宅地・商業地・工業地などに分けて見る。
Q0004,C0021,A,3年,市の様子,,3-01-01,6,,家や店などの建物が多く集まる地域を何という？,市街地,しがいち,,家が中心なら住宅地、店や会社が中心なら商業地。市街地はそれらが集まったところ。
Q0005,C0022|C0031,A,3年|3年,市の様子|市の様子,,3-01-01|3-01-04,6|9,★,地域の人々の生活を支えるための施設を何という？,公共施設,こうきょうしせつ,,例：市役所など。
Q0006,C0023,A,3年,市の様子,,3-01-02,7,★,家が多く集まっている地域を何という？,住宅地,じゅうたくち,,店や会社が多いのは商業地、工場が多いのは工業地。
Q0007,C0024,A,3年,市の様子,,3-01-02,7,★,店や会社が多く集まる地域を何という？,商業地,しょうぎょうち,,家が多いのは住宅地、工場が多いのは工業地。
Q0008,C0025,A,3年,市の様子,,3-01-02,7,,工場が多く集まる地域を何という？,工業地,こうぎょうち,,住宅地・商業地・工業地は、何が多く集まるかで分ける。
Q0009,C0027,A,3年,市の様子,,3-01-03,8,★,人や物が場所から場所へ移動することを何という？,交通,こうつう,,人や物を「運ぶ」ことは輸送。交通は移動そのもの。
Q0010,C0028,A,3年,市の様子,,3-01-03,8,★,自動車や人などが通る道を何という？,道路,どうろ,,
Q0011,C0029,A,3年,市の様子,,3-01-03,8,★,線路を使って人や物を運ぶ交通を何という？,鉄道,てつどう,,
Q0012,C0030|C0079,A,3年|4年,市の様子|都道府県,,3-01-03|4-01-05,8|24,★,道路や鉄道などが網のようにつながったものを何という？,交通網,こうつうもう,,
Q0013,C0032,A,3年,市の様子,,3-01-04,9,★,市の仕事を行う中心の施設を何という？,市役所,しやくしょ,,
Q0014,C0033,A,3年,市の様子,,3-01-04,9,★,国や都道府県、市区町村が、社会のために行う仕事を何という？,行政,ぎょうせい,,
Q0015,C0034|C0330,A,3年|6年,市の様子|政治,,3-01-04|6-01-10,9|89,★,行政などが人々の生活を支えるために行うサービスを何という？,公共サービス,こうきょうサービス,,例：ごみの収集・図書館・消防など。税金で支えられている。
Q0016,C0035|C0230,A,3年|5年,店と生産|工業生産,,3-02-01|5-03-06,10|62,★,商品を買って使う人を何という？,消費者,しょうひしゃ,,つくる人は生産者。
Q0017,C0036,A,3年,店と生産,,3-02-01,10,★,店で売る商品を買い入れることを何という？,仕入れ,しいれ,「仕入」も可,できた物を送り出すのは出荷。
Q0018,C0037,A,3年,店と生産,,3-02-01,10,★,売れた商品の情報を記録するしくみを何という？,POSシステム,ポスシステム,,売れ方を調べて、仕入れに生かせる。
Q0019,C0037,B,3年,店と生産,,3-02-01,10,★,POSシステムは、売れた商品の情報を記録するしくみ。売れ方を調べ、【　】に生かせる。,仕入れ,しいれ,「仕入」も可,何がどれだけ売れたかが分かるので、次に仕入れる量を決めやすい。
Q0020,C0038|C0040|C0165,A,3年|3年|5年,店と生産|店と生産|食料生産,,3-02-01|3-02-02|5-02-01,10|11|45,★,商品が生産された場所を何という？,産地,さんち,,
Q0021,C0039,A,3年,店と生産,,3-02-01,10,,商品の情報を機械で読むための表示を何という？,バーコード,,,
Q0022,C0041|C0174|C0219|C0237,A,3年|5年|5年|5年,店と生産|食料生産|工業生産|工業生産,,3-02-02|5-02-04|5-03-03|5-03-08,11|48|59|64,★,人や物を場所から場所へ運ぶことを何という？,輸送,ゆそう,,人や物が移動することそのものは交通。
Q0023,C0042,A,3年,店と生産,,3-02-02,11,★,商品を売ることを何という？,販売,はんばい,,
Q0024,C0043,A,3年,店と生産,,3-02-02,11,,農作物や製品などをつくる人を何という？,生産者,せいさんしゃ,,商品を買って使う人は消費者。
Q0025,C0044,A,3年,店と生産,,3-02-03,12,★,農作物や製品などをつくることを何という？,生産,せいさん,,
Q0026,C0045|C0211|C0236,A,3年|5年|5年,店と生産|工業生産|工業生産,,3-02-03|5-03-01|5-03-07,12|57|63,★,製品をつくるもとになる材料を何という？,原料,げんりょう,,
Q0027,C0046|C0200,A,3年|5年,店と生産|食料生産,,3-02-03|5-02-10,12|54,★,原料に手を加えて製品にすることを何という？,加工,かこう,,
Q0028,C0046|C0200,B,3年|5年,店と生産|食料生産,,3-02-03|5-02-10,12|54,★,加工とは、【　】に手を加えて製品にすることである。,原料,げんりょう,,原料＝製品をつくるもとになる材料。
Q0029,C0047,A,3年,店と生産,,3-02-03,12,★,物をつくる仕事の順序を何という？,工程,こうてい,,
Q0030,C0048,A,3年,店と生産,,3-02-03,12,★,できた物を、売る場所などへ送り出すことを何という？,出荷,しゅっか,,店が商品を買い入れるのは仕入れ。送り出す側と受け取る側で言葉がちがう。
Q0031,C0049,A,3年,店と生産,,3-02-04,13,★,物のよさや性質を何という？,品質,ひんしつ,,
Q0032,C0050,A,3年,店と生産,,3-02-04,13,★,危険がないようにすることを何という？,安全,あんぜん,,
Q0033,C0051|C0169,A,3年|5年,店と生産|食料生産,,3-02-04|5-02-02,13|46,,機械を使って仕事を進めることを何という？,機械化,きかいか,,
Q0034,C0052,A,3年,店と生産,,3-02-04,13,,むだを減らして仕事を進めることを何という？,効率,こうりつ,,
Q0035,C0053,A,3年,安全なくらし,,3-03-01,14,★,火事や救急のときに通報する電話番号は何番？,119番,ひゃくじゅうきゅうばん,,事件や事故を警察へ通報するのは110番。
Q0036,C0053,B,3年,安全なくらし,,3-03-01,14,★,119番は、火事や【　】のときに通報する番号である。,救急,きゅうきゅう,,事件や事故を警察へ通報するのは110番。
Q0037,C0054,A,3年,安全なくらし,,3-03-01,14,★,119番の通報を受け、出動を指令する場所を何という？,通信指令室,つうしんしれいしつ,「消防指令センター」なども可（地域によって名前がちがう）,通報を受けて、消防署や救急隊に出動を指令する。
Q0038,C0055,A,3年,安全なくらし,,3-03-01,14,★,複数の人や機関が協力して動くことを何という？,連携,れんけい,,
Q0039,C0056,A,3年,安全なくらし,,3-03-01,14,,けが人や病人を助ける活動を何という？,救急,きゅうきゅう,,
Q0040,C0057,A,3年,安全なくらし,,3-03-02,15,★,消防が消火に使う水を取る設備を何という？,消火栓,しょうかせん,,水をためておく設備は防火水槽。
Q0041,C0058,A,3年,安全なくらし,,3-03-02,15,★,火事に備えて、水をためておく設備を何という？,防火水槽,ぼうかすいそう,,「消火栓」は水を取る設備、「防火水槽」は水をためる設備。
Q0042,C0059,A,3年,安全なくらし,,3-03-02,15,★,ふだんは別の仕事をしながら、地域の防災に協力する人々を何という？,消防団,しょうぼうだん,,消防署の消防士とちがい、ふだんは別の仕事をしている地域の人々。
Q0043,C0060,A,3年,安全なくらし,,3-03-02,15,★,災害時の避難を練習することを何という？,避難訓練,ひなんくんれん,,
Q0044,C0061,A,3年,安全なくらし,,3-03-03,16,★,事件や事故を警察へ通報する電話番号は何番？,110番,ひゃくとおばん,,火事や救急は119番。
Q0045,C0061,B,3年,安全なくらし,,3-03-03,16,★,110番は、事件や事故を【　】へ通報する番号である。,警察,けいさつ,,火事や救急は119番で消防へ。
Q0046,C0062,A,3年,安全なくらし,,3-03-03,16,★,地域の安全を守る警察の施設を何という？,交番,こうばん,,
Q0047,C0063,A,3年,安全なくらし,,3-03-03,16,★,地域を回って安全を確かめる活動を何という？,パトロール,,,
Q0048,C0064,A,3年,安全なくらし,,3-03-03,16,,犯罪が起こらないように防ぐことを何という？,防犯,ぼうはん,,
Q0049,C0065,A,3年,市の移り変わり,,3-04-01,17,★,ある地域に住んでいる人の数を何という？,人口,じんこう,,住んでいる人々そのものは住民。
Q0050,C0066|C0347,A,3年|6年,市の移り変わり|歴史,|,3-04-01|6-02-01,17|95,★,出来事を時間の順に並べた表を何という？,年表,ねんぴょう,,
Q0051,C0067,A,3年,市の移り変わり,,3-04-01,17,,日本で時期を表すために使う名称を何という？,元号,げんごう,,例：昭和・平成・令和。
Q0052,C0068,A,3年,市の移り変わり,,3-04-01,17,,時間とともに様子が変化することを何という？,移り変わり,うつりかわり,,
Q0053,C0069,A,3年,市の移り変わり,,3-04-02,18,★,その地域に住んでいる人々を何という？,住民,じゅうみん,,住んでいる人の数は人口。
Q0054,C0070,A,3年,市の移り変わり,,3-04-02,18,★,くらしやすい地域をつくる取組を何という？,まちづくり,,「町づくり」も可,
Q0055,C0071|C0328,A,3年|6年,市の移り変わり|政治,,3-04-02|6-01-10,18|89,★,社会の仕事を支えるために国や地方公共団体が集めるお金を何という？,税金,ぜいきん,,
Q0056,C0072,A,3年,市の移り変わり,,3-04-02,18,,施設や設備を使いやすく整えることを何という？,整備,せいび,,
Q0057,C0005,A,導入,地図・資料,,00-01-02,2,★,ある場所から見た方向を何という？,方位,ほうい,,
Q0058,C0006,A,導入,地図・資料,,00-01-02,2,★,北・南・東・西の4方向を何という？,四方位,しほうい,,四方位の間も加えた8方向は八方位。
Q0059,C0007,A,導入,地図・資料,,00-01-02,2,,四方位の間も加えた8方向を何という？,八方位,はちほうい,,北東・南東・南西・北西が加わる。
Q0060,C0008,A,導入,地図・資料,,00-01-02,2,★,実際の距離をどれだけ縮めたかを表す割合を何という？,縮尺,しゅくしゃく,,
Q0061,C0009,A,導入,地図・資料,,00-01-02,2,,地図上の長さと実際の距離を示す線を何という？,スケールバー,,,
Q0062,C0011,A,導入,地図・資料,,00-01-03,4,★,多くの地域の地図をまとめた本を何という？,地図帳,ちずちょう,,
Q0063,C0012,A,導入,地図・資料,,00-01-03,4,★,地球を球の形のまま小さく表した模型を何という？,地球儀,ちきゅうぎ,,
Q0064,C0013|C0144,A,導入|5年,地図・資料|国土と気候,,00-01-03|5-01-01,4|40,★,非常に大きな陸地を何という？,大陸,たいりく,,
Q0065,C0014|C0145,A,導入|5年,地図・資料|国土と気候,,00-01-03|5-01-01,4|40,★,大陸の間に広がる大きな海を何という？,海洋,かいよう,,
Q0066,C0015,A,導入,地図・資料,,00-01-04,5,★,調べたり考えたりする手がかりになる情報を何という？,資料,しりょう,,
Q0067,C0016,A,導入,地図・資料,,00-01-04,5,★,数の大小や変化を分かりやすく表したものを何という？,グラフ,,,
Q0068,C0017,A,導入,地図・資料,,00-01-04,5,★,人・kg・％など、数が何を表すかを示すものを何という？,単位,たんい,,
Q0069,C0018,A,導入,地図・資料,,00-01-04,5,,全体の中でどれくらいを占めるかを何という？,割合,わりあい,,
Q0070,C0073,A,4年,都道府県,,4-01-01,20,★,日本をいくつかの地域に分ける見方を何という？,地方区分,ちほうくぶん,,
Q0071,C0074,A,4年,都道府県,,4-01-01,20,★,日本を47に分けた地域のまとまりを何という？,都道府県,とどうふけん,,
Q0072,C0074,B,4年,都道府県,,4-01-01,20,★,都道府県は、日本を【　】に分けた地域のまとまりである。,47,よんじゅうなな,,1都1道2府43県で47。
Q0073,C0075,A,4年,都道府県,,4-01-02,21,★,地図上でどこにあるかを何という？,位置,いち,,
Q0074,C0076,A,4年,都道府県,,4-01-03,22,,海に面していない地域を何という？,内陸,ないりく,,
Q0075,C0077,A,4年,都道府県,,4-01-05,24,★,都道府県の役所が置かれている都市を何という？,県庁所在地,けんちょうしょざいち,,
Q0076,C0078,A,4年,都道府県,,4-01-05,24,★,山・平野・川など、土地の形を何という？,地形,ちけい,,
Q0077,C0080,A,4年,都道府県,,4-01-05,24,,物をつくったり売ったり、サービスを提供したりする仕事を何という？,産業,さんぎょう,,
Q0078,C0081,A,4年,水・電気・ごみ,,4-02-01,25,★,水道に使う水のもとになる場所を何という？,水源,すいげん,,
Q0079,C0082,A,4年,水・電気・ごみ,,4-02-01,25,★,川の水をためて調整する施設を何という？,ダム,,,
Q0080,C0083,A,4年,水・電気・ごみ,,4-02-01,25,★,水を安全に飲めるようにする施設を何という？,浄水場,じょうすいじょう,,使ったあとの水をきれいにするのは下水処理場。
Q0081,C0084,A,4年,水・電気・ごみ,,4-02-01,25,★,きれいになった水を一時ためる施設を何という？,配水池,はいすいち,,
Q0082,C0084,B,4年,水・電気・ごみ,,4-02-01,25,★,浄水場できれいになった水は、【　】に一時ためられてから、水道管で家庭などへ送られる。,配水池,はいすいち,,水源→ダム→浄水場→配水池→水道管の順に届く。
Q0083,C0085,A,4年,水・電気・ごみ,,4-02-01,25,★,水を家庭などへ送る管を何という？,水道管,すいどうかん,,使った水を処理場へ運ぶのは下水管。
Q0084,C0086,A,4年,水・電気・ごみ,,4-02-02,26,★,砂などを通して、細かなよごれを取ることを何という？,ろ過,ろか,,
Q0085,C0087,A,4年,水・電気・ごみ,,4-02-02,26,★,細菌などを減らし、安全にすることを何という？,消毒,しょうどく,,
Q0086,C0088,A,4年,水・電気・ごみ,,4-02-02,26,,重くなったよごれを底に沈めることを何という？,沈殿,ちんでん,,
Q0087,C0089,A,4年,水・電気・ごみ,,4-02-02,26,,水が安全かを調べる検査を何という？,水質検査,すいしつけんさ,,
Q0088,C0090,A,4年,水・電気・ごみ,,4-02-03,27,★,使う水をむだにしないことを何という？,節水,せっすい,,電気の場合は節電。
Q0089,C0091,A,4年,水・電気・ごみ,,4-02-03,27,★,水の安全さやきれいさなどの性質を何という？,水質,すいしつ,,
Q0090,C0092,A,4年,水・電気・ごみ,,4-02-03,27,,必要な物をいつでも届けられるようにすることを何という？,安定供給,あんていきょうきゅう,,
Q0091,C0093,A,4年,水・電気・ごみ,,4-02-03,27,,雨が少なく、使える水が不足することを何という？,渇水,かっすい,,
Q0092,C0094,A,4年,水・電気・ごみ,,4-02-04,28,★,電気をつくる施設を何という？,発電所,はつでんしょ,,
Q0093,C0095,A,4年,水・電気・ごみ,,4-02-04,28,★,電気を遠くへ送る線を何という？,送電線,そうでんせん,,
Q0094,C0096,A,4年,水・電気・ごみ,,4-02-04,28,★,電気を送りやすいように調整する施設を何という？,変電所,へんでんしょ,,電気をつくるのは発電所。
Q0095,C0097,A,4年,水・電気・ごみ,,4-02-04,28,★,使う電気をむだにしないことを何という？,節電,せつでん,,水の場合は節水。
Q0096,C0098,A,4年,水・電気・ごみ,,4-02-04,28,,ガス管を通して家庭などへ送るガスを何という？,都市ガス,としガス,,
Q0097,C0099,A,4年,水・電気・ごみ,,4-02-05,29,★,ごみを種類ごとに分けることを何という？,分別,ぶんべつ,,「ふんべつ」と読むと別の意味になる。
Q0098,C0100,A,4年,水・電気・ごみ,,4-02-05,29,★,ごみを集めて運ぶことを何という？,収集,しゅうしゅう,,
Q0099,C0101,A,4年,水・電気・ごみ,,4-02-05,29,★,ごみを燃やすなどして処理する施設を何という？,清掃工場,せいそうこうじょう,,
Q0100,C0102,A,4年,水・電気・ごみ,,4-02-05,29,★,処理したあとのごみなどを埋め立てる場所を何という？,最終処分場,さいしゅうしょぶんじょう,,
Q0101,C0103,A,4年,水・電気・ごみ,,4-02-05,29,★,再び資源として利用できるごみを何という？,資源ごみ,しげんごみ,,
Q0102,C0104,A,4年,水・電気・ごみ,,4-02-06,30,★,ごみを減らすための三つの取組をまとめて何という？,3R,スリーアール,,リデュース・リユース・リサイクルの三つ。
Q0103,C0105,A,4年,水・電気・ごみ,,4-02-06,30,★,ごみそのものを減らすことを、カタカナで何という？,リデュース,,,
Q0104,C0106,A,4年,水・電気・ごみ,,4-02-06,30,★,物をくり返し使うことを、カタカナで何という？,リユース,,,
Q0105,C0107,A,4年,水・電気・ごみ,,4-02-06,30,★,資源としてもう一度利用することを、カタカナで何という？,リサイクル,,,
Q0106,C0108,A,4年,水・電気・ごみ,,4-02-07,31,★,生活などで使ったあとの、よごれた水を何という？,下水,げすい,,
Q0107,C0109,A,4年,水・電気・ごみ,,4-02-07,31,★,使った水を処理場へ運ぶ管を何という？,下水管,げすいかん,,家庭へきれいな水を送るのは水道管。
Q0108,C0110,A,4年,水・電気・ごみ,,4-02-07,31,★,下水をきれいにして自然へ戻す施設を何という？,下水処理場,げすいしょりじょう,,飲める水をつくるのは浄水場。
Q0109,C0110,B,4年,水・電気・ごみ,,4-02-07,31,★,下水処理場は、下水をきれいにして【　】へ戻す施設である。,自然,しぜん,「川や海」も可,使った水は、きれいにしてから川や海へ戻す。
Q0110,C0111,A,4年,水・電気・ごみ,,4-02-07,31,,目に見えないほど小さな生き物を何という？,微生物,びせいぶつ,,
Q0111,C0112|C0266,A,4年|5年,自然災害と防災|環境と災害,,4-03-01|5-05-01,32|72,★,自然現象によって、人や社会に被害が出ることを何という？,自然災害,しぜんさいがい,,
Q0112,C0113,A,4年,自然災害と防災,,4-03-01,32,★,地面が急に揺れる現象を何という？,地震,じしん,,
Q0113,C0114,A,4年,自然災害と防災,,4-03-01,32,★,海底の地震などで起こる大きな波を何という？,津波,つなみ,,
Q0114,C0115,A,4年,自然災害と防災,,4-03-01,32,★,大雨や強風などによる災害を何という？,風水害,ふうすいがい,,
Q0115,C0116|C0268,A,4年|5年,自然災害と防災|環境と災害,,4-03-01|5-05-01,32|72,★,土や岩が崩れたり流れたりする災害を何という？,土砂災害,どしゃさいがい,,
Q0116,C0117,A,4年,自然災害と防災,,4-03-02,33,★,災害の被害を防いだり減らしたりする取組を何という？,防災,ぼうさい,,犯罪を防ぐのは防犯。
Q0117,C0118,A,4年,自然災害と防災,,4-03-02,33,★,災害時に避難した人が、一定期間生活する場所を何という？,避難所,ひなんじょ,,危険から一時的に逃れる場所は避難場所。
Q0118,C0118,B,4年,自然災害と防災,,4-03-02,33,★,避難所は、災害時に避難した人が【　】生活する場所である。,一定期間,いっていきかん,,避難場所は「一時的に逃れる」場所。避難所は「しばらく生活する」場所。
Q0119,C0119,A,4年,自然災害と防災,,4-03-02,33,★,災害の危険から、一時的に逃れる場所を何という？,避難場所,ひなんばしょ,,避難した人がしばらく生活するのは避難所。
Q0120,C0120,A,4年,自然災害と防災,,4-03-02,33,★,災害時の行動を練習する取組を何という？,防災訓練,ぼうさいくんれん,,3年で学んだ避難訓練は、避難の練習。防災訓練は災害時の行動全体の練習。
Q0121,C0121|C0124,A,4年|4年,自然災害と防災|自然災害と防災,,4-03-02|4-03-03,33|34,★,国や自治体など、公的機関による助けを何という？,公助,こうじょ,,自分や家族で守るのは自助、地域で助け合うのは共助。
Q0122,C0122,A,4年,自然災害と防災,,4-03-03,34,★,自分や家族で、自分たちを守ることを何という？,自助,じじょ,,地域で助け合うのは共助、公的機関の助けは公助。
Q0123,C0123,A,4年,自然災害と防災,,4-03-03,34,★,地域の人々が助け合って守ることを何という？,共助,きょうじょ,,自分や家族で守るのは自助、公的機関の助けは公助。
Q0124,C0125,A,4年,自然災害と防災,,4-03-03,34,,地域住民が自主的に行う防災の組織を何という？,自主防災組織,じしゅぼうさいそしき,,
Q0125,C0126,A,4年,自然災害と防災,,4-03-04,35,★,災害の危険がある場所などを示した地図を何という？,ハザードマップ,,,
Q0126,C0127,A,4年,自然災害と防災,,4-03-04,35,★,危険な場所から安全な場所へ移ることを何という？,避難,ひなん,,
Q0127,C0128,A,4年,自然災害と防災,,4-03-04,35,,避難するときに通る道を何という？,避難経路,ひなんけいろ,,
Q0128,C0129,A,4年,自然災害と防災,,4-03-04,35,,災害で被害を受ける可能性を何という？,災害リスク,さいがいリスク,,
Q0129,C0130,A,4年,伝統と先人,,4-04-01,36,★,歴史や文化を伝える、大切な建物・美術品などを何という？,文化財,ぶんかざい,,
Q0130,C0131,A,4年,伝統と先人,,4-04-01,36,★,毎年決まった時期に行う行事を何という？,年中行事,ねんちゅうぎょうじ,,
Q0131,C0132,A,4年,伝統と先人,,4-04-01,36,★,昔から受けつがれてきた文化や習慣を何という？,伝統,でんとう,,
Q0132,C0133,A,4年,伝統と先人,,4-04-01,36,★,大切なものを守り、残すことを何という？,保存,ほぞん,,「保護」は守ること。保存は守って“残す”ことまで含む。
Q0133,C0134,A,4年,伝統と先人,,4-04-01,36,,文化や技術などを、次の世代へ受けつぐことを何という？,継承,けいしょう,,
Q0134,C0135,A,4年,伝統と先人,,4-04-02,37,★,昔、地域や社会の発展に力をつくした人々を何という？,先人,せんじん,,
Q0135,C0136|C0494,A,4年|6年,伝統と先人|歴史,|江戸,4-04-02|6-02-37,37|131,★,農業などに使う水を運ぶための水路を何という？,用水路,ようすいろ,,
Q0136,C0137,A,4年,伝統と先人,,4-04-02,37,,土地などを利用しやすいように整えることを何という？,開発,かいはつ,,
Q0137,C0138,A,4年,伝統と先人,,4-04-02,37,,地域のくらしや産業などがよくなることを何という？,地域の発展,ちいきのはってん,,
Q0138,C0139,A,4年,特色ある地域,,4-05-01,38,★,地域の材料や技術などを生かして発達した産業を何という？,地場産業,じばさんぎょう,,
Q0139,C0140|C0641|C0642|C0649,A,4年|6年|6年|6年,特色ある地域|歴史|国際|国際,|昭和後期||,4-05-01|6-02-78|6-03-01|6-03-03,38|172|174|176,★,国や地域をこえて人々が交流することを何という？,国際交流,こくさいこうりゅう,,
Q0140,C0141,A,4年,特色ある地域,,4-05-01,38,★,地域の自然・文化・技術などの、価値あるものを何という？,地域資源,ちいきしげん,,
Q0141,C0142,A,4年,特色ある地域,,4-05-01,38,★,大切なものを守ることを何という？,保護,ほご,,守って“残す”ことまで言うときは保存。
Q0142,C0143,A,4年,特色ある地域,,4-05-01,38,,よさを生かして役立てることを何という？,活用,かつよう,,
Q0143,C0146,A,5年,国土と気候,,5-01-01,40,★,日本の東側に広がる、世界最大の海洋を何という？,太平洋,たいへいよう,,
Q0144,C0147,A,5年,国土と気候,,5-01-01,40,★,国土が島々からなる国を何という？,島国,しまぐに,,
Q0145,C0148,A,5年,国土と気候,,5-01-02,41,★,国の土地の範囲を何という？,国土,こくど,,国が主権をもつ土地は領土。
Q0146,C0149,A,5年,国土と気候,,5-01-02,41,★,国が主権をもつ土地を何という？,領土,りょうど,,国の主権が及ぶ沿岸の海は領海。
Q0147,C0150,A,5年,国土と気候,,5-01-02,41,★,国の主権が及ぶ、沿岸の海を何という？,領海,りょうかい,,
Q0148,C0150,B,5年,国土と気候,,5-01-02,41,★,領海は、基線から【　】海里までの海である。,12,じゅうに,,排他的経済水域は200海里まで。数字をセットで覚える。
Q0149,C0151,A,5年,国土と気候,,5-01-02,41,★,沿岸国が、水産資源などを利用する権利をもつ海域を何という？,排他的経済水域,はいたてきけいざいすいいき,「EEZ」も可,
Q0150,C0151,B,5年,国土と気候,,5-01-02,41,★,排他的経済水域は、原則として基線から【　】海里までの海域（領海を除く）である。,200,にひゃく,,領海は12海里まで。
Q0151,C0152,A,5年,国土と気候,,5-01-03,42,★,山がまとまって広がる地域を何という？,山地,さんち,,山々が細長く連なった地形は山脈。
Q0152,C0153,A,5年,国土と気候,,5-01-03,42,★,山々が細長く連なった地形を何という？,山脈,さんみゃく,,
Q0153,C0154,A,5年,国土と気候,,5-01-03,42,★,平らな土地が広く続く地域を何という？,平野,へいや,,周りを山に囲まれた平らな土地は盆地。
Q0154,C0155,A,5年,国土と気候,,5-01-03,42,★,周りを山地に囲まれた平らな土地を何という？,盆地,ぼんち,,
Q0155,C0156,A,5年,国土と気候,,5-01-04,43,★,長い期間に見られる天気の特徴を何という？,気候,きこう,,
Q0156,C0157,A,5年,国土と気候,,5-01-04,43,★,季節によって向きが変わる風を何という？,季節風,きせつふう,,
Q0157,C0157,B,5年,国土と気候,,5-01-04,43,★,季節風は、季節によって【　】が変わる風である。,向き,むき,,
Q0158,C0158,A,5年,国土と気候,,5-01-04,43,,初夏に雨の日が多くなる時期を何という？,梅雨,つゆ,「ばいう」と読んでも可,
Q0159,C0159,A,5年,国土と気候,,5-01-04,43,,強い風と雨を伴う熱帯低気圧を何という？,台風,たいふう,,
Q0160,C0160|C0265,A,5年|5年,国土と気候|環境と災害,,5-01-05|5-05-01,44|72,★,地形や気候など、その土地の自然の特徴を何という？,自然条件,しぜんじょうけん,,
Q0161,C0161,A,5年,国土と気候,,5-01-05,44,★,環境に合わせて、くらし方を工夫することを何という？,適応,てきおう,,
Q0162,C0162,A,5年,食料生産,,5-02-01,45,★,人々が食べる農産物・畜産物・水産物を生産することを何という？,食料生産,しょくりょうせいさん,,
Q0163,C0163,A,5年,食料生産,,5-02-01,45,★,作物を育てたり、家畜を飼ったりする仕事を何という？,農業,のうぎょう,,
Q0164,C0164,A,5年,食料生産,,5-02-01,45,★,魚や貝など、水産物をとったり育てたりする仕事を何という？,水産業,すいさんぎょう,,
Q0165,C0166,A,5年,食料生産,,5-02-02,46,★,育てた苗を田に植えることを何という？,田植え,たうえ,,
Q0166,C0167,A,5年,食料生産,,5-02-02,46,★,実った稲を刈り取ることを何という？,稲刈り,いねかり,,
Q0167,C0168,A,5年,食料生産,,5-02-02,46,★,よりよい性質をもつ品種をつくることを何という？,品種改良,ひんしゅかいりょう,,
Q0168,C0170,A,5年,食料生産,,5-02-03,47,★,農家の生産や販売などを支える組織を何という？,農業協同組合,のうぎょうきょうどうくみあい,「JA」も可,
Q0169,C0171,A,5年,食料生産,,5-02-03,47,★,生産物を一か所に集めることを何という？,集荷,しゅうか,,できた物を送り出すのは出荷。
Q0170,C0172,A,5年,食料生産,,5-02-03,47,★,品質や大きさなどで分けることを何という？,選別,せんべつ,,ごみを種類ごとに分けるのは分別。
Q0171,C0173,A,5年,食料生産,,5-02-03,47,,米などを乾燥・貯蔵する大きな施設を何という？,カントリーエレベーター,,,
Q0172,C0175,A,5年,食料生産,,5-02-04,48,★,生産から販売まで、低い温度を切れ目なく保つしくみを何という？,コールドチェーン,,,
Q0173,C0175,B,5年,食料生産,,5-02-04,48,★,コールドチェーンは、生産から販売まで、【　】温度を切れ目なく保つしくみである。,低い,ひくい,,
Q0174,C0176,A,5年,食料生産,,5-02-04,48,,食品の新鮮さを何という？,鮮度,せんど,,
Q0175,C0177,A,5年,食料生産,,5-02-04,48,,商品が多く消費される地域を何という？,消費地,しょうひち,,商品が生産された場所は産地。
Q0176,C0178,A,5年,食料生産,,5-02-05,49,★,食品の生産・加工・流通の記録をたどれるしくみを何という？,トレーサビリティ,,,
Q0177,C0179,A,5年,食料生産,,5-02-05,49,,いつ・どこで・どのように生産されたかの記録を何という？,生産履歴,せいさんりれき,,
Q0178,C0180,A,5年,食料生産,,5-02-05,49,,産地・原材料・期限などを示す表示を何という？,食品表示,しょくひんひょうじ,,
Q0179,C0181,A,5年,食料生産,,5-02-06,50,★,暖かい気候や施設を使い、収穫時期を早める栽培を何という？,促成栽培,そくせいさいばい,,
Q0180,C0181,B,5年,食料生産,,5-02-06,50,★,促成栽培は、暖かい気候や施設を使い、収穫時期を【　】栽培である。,早める,はやめる,,夏でも涼しい高地でつくる高原野菜と比べて覚える。
Q0181,C0182,A,5年,食料生産,,5-02-06,50,★,夏でも涼しい高地でつくられる野菜を何という？,高原野菜,こうげんやさい,,
Q0182,C0183,A,5年,食料生産,,5-02-06,50,,ビニールハウスなどの施設を使う農業を何という？,施設園芸,しせつえんげい,,
Q0183,C0184,A,5年,食料生産,,5-02-06,50,,大都市の近くで、都市向けに行う農業を何という？,近郊農業,きんこうのうぎょう,,
Q0184,C0185,A,5年,食料生産,,5-02-07,51,★,牛・豚・鶏などを育てる農業を何という？,畜産,ちくさん,「畜産業」も可,乳牛を飼って牛乳などを生産するのは酪農。
Q0185,C0186,A,5年,食料生産,,5-02-07,51,★,家畜に与えるえさを何という？,飼料,しりょう,,
Q0186,C0187,A,5年,食料生産,,5-02-07,51,,乳牛を飼い、牛乳などを生産する農業を何という？,酪農,らくのう,,
Q0187,C0188,A,5年,食料生産,,5-02-07,51,,人が利用するために飼育する動物を何という？,家畜,かちく,,
Q0188,C0189,A,5年,食料生産,,5-02-08,52,★,海岸に近い海で行う漁業を何という？,沿岸漁業,えんがんぎょぎょう,,沿岸→沖合→遠洋の順に、陸から遠くなる。
Q0189,C0190,A,5年,食料生産,,5-02-08,52,★,日本近海の沖合で行う漁業を何という？,沖合漁業,おきあいぎょぎょう,,
Q0190,C0191,A,5年,食料生産,,5-02-08,52,★,世界の遠い海で、長期間行う漁業を何という？,遠洋漁業,えんようぎょぎょう,,
Q0191,C0192,A,5年,食料生産,,5-02-08,52,,魚などをとる場所を何という？,漁場,ぎょじょう,「りょうば」と読んでも可,
Q0192,C0193,A,5年,食料生産,,5-02-09,53,★,魚や貝、海藻などを人が管理して育て、収穫する仕事を何という？,養殖業,ようしょくぎょう,,育てて放流するのは栽培漁業。養殖は、とるまで人が育てる。
Q0193,C0194,A,5年,食料生産,,5-02-09,53,★,稚魚などを育てて放流し、資源を増やす取組を何という？,栽培漁業,さいばいぎょぎょう,,
Q0194,C0194,B,5年,食料生産,,5-02-09,53,★,栽培漁業は、稚魚などを育てて【　】し、資源を増やす取組である。,放流,ほうりゅう,,養殖業は、収穫まで人が育てる。栽培漁業は途中で海や川へ放す。
Q0195,C0195,A,5年,食料生産,,5-02-09,53,,まだ小さい魚を何という？,稚魚,ちぎょ,,
Q0196,C0196,A,5年,食料生産,,5-02-09,53,,育てた魚などを、海や川へ放すことを何という？,放流,ほうりゅう,,
Q0197,C0197,A,5年,食料生産,,5-02-10,54,★,漁船がとった水産物を、港に陸揚げすることを何という？,水揚げ,みずあげ,,
Q0198,C0198,A,5年,食料生産,,5-02-10,54,★,水産物を集めて売買する市場を何という？,魚市場,うおいちば,「さかないちば」と読んでも可,
Q0199,C0199,A,5年,食料生産,,5-02-10,54,,買い手が値段を競って品物を買う方法を何という？,せり,,,
Q0200,C0201,A,5年,食料生産,,5-02-11,55,★,国内で消費する食料を、国内生産でどれだけまかなえるかを示す割合を何という？,食料自給率,しょくりょうじきゅうりつ,,
Q0201,C0201,B,5年,食料生産,,5-02-11,55,★,食料自給率は、国内で消費する食料を【　】でどれだけまかなえるかを示す割合である。,国内生産,こくないせいさん,,
Q0202,C0202|C0234,A,5年|5年,食料生産|工業生産,,5-02-11|5-03-07,55|63,★,外国から商品などを買い入れることを何という？,輸入,ゆにゅう,,外国へ売るのは輸出。
Q0203,C0203,A,5年,食料生産,,5-02-11,55,,国内で農産物や水産物などを生産することを何という？,国内生産,こくないせいさん,,
Q0204,C0204,A,5年,食料生産,,5-02-11,55,,食べ物がもつ熱量をもとに計算する方法を何という？,カロリーベース,,,
Q0205,C0205,A,5年,食料生産,,5-02-12,56,★,地域で生産したものを地域で消費する取組を何という？,地産地消,ちさんちしょう,,
Q0206,C0206,A,5年,食料生産,,5-02-12,56,,まだ食べられるのに捨てられる食品を何という？,食品ロス,しょくひんロス,,
Q0207,C0207,A,5年,食料生産,,5-02-12,56,,ICTやロボットなどの技術を活用する農業を何という？,スマート農業,スマートのうぎょう,,
Q0208,C0208,A,5年,食料生産,,5-02-12,56,,魚などの資源をとりすぎないよう管理することを何という？,資源管理,しげんかんり,,
Q0209,C0209,A,5年,工業生産,,5-03-01,57,★,原料を加工して製品をつくる産業を何という？,工業,こうぎょう,,
Q0210,C0210,A,5年,工業生産,,5-03-01,57,★,工場などでつくられた製品を何という？,工業製品,こうぎょうせいひん,,
Q0211,C0212|C0223,A,5年|5年,工業生産|工業生産,,5-03-01|5-03-04,57|60,★,太平洋側に、工業の盛んな地域が帯状に続く地域を何という？,太平洋ベルト,たいへいようベルト,,
Q0212,C0213,A,5年,工業生産,,5-03-02,58,★,製品を工程の順に流してつくるしくみを何という？,生産ライン,せいさんライン,,
Q0213,C0214,A,5年,工業生産,,5-03-02,58,★,多くの部品を組み合わせて製品にすることを何という？,組立,くみたて,「組み立て」も可,
Q0214,C0215,A,5年,工業生産,,5-03-02,58,★,製品の安全や品質を確かめることを何という？,検査,けんさ,,
Q0215,C0216,A,5年,工業生産,,5-03-02,58,,決められた作業を自動で行う機械を何という？,ロボット,,,
Q0216,C0217,A,5年,工業生産,,5-03-03,59,★,製品に使う部品などをつくり、組立工場を支える工場を何という？,関連工場,かんれんこうじょう,,
Q0217,C0218|C0228,A,5年|5年,工業生産|工業生産,,5-03-03|5-03-05,59|61,★,製品をつくるための、一つ一つの部分を何という？,部品,ぶひん,,
Q0218,C0220,A,5年,工業生産,,5-03-03,59,,複数の工場が役割を分担して生産することを何という？,協力,きょうりょく,,仕事を分けて受け持つこと一般は分業。ここでは工場どうしの協力。
Q0219,C0221,A,5年,工業生産,,5-03-04,60,★,工場が特に多く集まり、工業が盛んな地域を何という？,工業地帯,こうぎょうちたい,,「特に」多いのが工業地帯。工業地域と区別する。
Q0220,C0222,A,5年,工業生産,,5-03-04,60,★,工場が「特に」多く集まる地域を工業地帯というのに対し、工場が多く集まり、工業が盛んな地域を何という？,工業地域,こうぎょうちいき,,工場が「特に」多いのは工業地帯。
Q0221,C0224,A,5年,工業生産,,5-03-04,60,,海に面した地域を何という？,臨海部,りんかいぶ,,
Q0222,C0225,A,5年,工業生産,,5-03-05,61,★,比較的小規模で生産を行う工場を何という？,中小工場,ちゅうしょうこうじょう,,
Q0223,C0226,A,5年,工業生産,,5-03-05,61,★,仕事を分けて受け持つことを何という？,分業,ぶんぎょう,,
Q0224,C0227,A,5年,工業生産,,5-03-05,61,,製品をつくるための知識や方法を何という？,技術,ぎじゅつ,,
Q0225,C0229,A,5年,工業生産,,5-03-06,62,★,より使いやすく、よい製品にすることを何という？,改良,かいりょう,,
Q0226,C0231,A,5年,工業生産,,5-03-06,62,,エネルギーの使用を少なくする工夫を何という？,省エネルギー,しょうエネルギー,,
Q0227,C0232,A,5年,工業生産,,5-03-06,62,,多くの人が使いやすいように工夫した設計を何という？,ユニバーサルデザイン,,,
Q0228,C0233,A,5年,工業生産,,5-03-07,63,★,国と国との間で、商品などを売り買いすることを何という？,貿易,ぼうえき,,
Q0229,C0235,A,5年,工業生産,,5-03-07,63,★,国内の商品などを外国へ売ることを何という？,輸出,ゆしゅつ,,外国から買い入れるのは輸入。
Q0230,C0238,A,5年,工業生産,,5-03-08,64,★,船が出入りし、人や物を積み降ろす場所を何という？,港,みなと,,
Q0231,C0239,A,5年,工業生産,,5-03-08,64,,運ばれる荷物を何という？,貨物,かもつ,,
Q0232,C0240,A,5年,工業生産,,5-03-08,64,,商品や原料が、生産者から消費者などへ移動する流れを何という？,物流,ぶつりゅう,,
Q0233,C0241,A,5年,情報,,5-04-01,66,★,物事を知ったり判断したりするための内容を何という？,情報,じょうほう,,
Q0234,C0242|C0261,A,5年|5年,情報|情報,,5-04-01|5-04-06,66|71,★,情報が社会や生活で大きな役割をもつ社会を何という？,情報社会,じょうほうしゃかい,,
Q0235,C0243,A,5年,情報,,5-04-01,66,,情報を外へ伝えることを何という？,発信,はっしん,,受け取るのは受信。
Q0236,C0244,A,5年,情報,,5-04-01,66,,情報を受け取ることを何という？,受信,じゅしん,,外へ伝えるのは発信。
Q0237,C0245,A,5年,情報,,5-04-02,67,★,社会の出来事を、多くの人に知らせることを何という？,報道,ほうどう,,
Q0238,C0246,A,5年,情報,,5-04-02,67,★,必要な情報を調べたり、話を聞いたりすることを何という？,取材,しゅざい,,取材→編集→報道の順に伝わる。
Q0239,C0247,A,5年,情報,,5-04-02,67,★,情報を選び、分かりやすくまとめることを何という？,編集,へんしゅう,,
Q0240,C0248,A,5年,情報,,5-04-02,67,,新聞社や放送局など、報道を行う組織を何という？,報道機関,ほうどうきかん,,
Q0241,C0249,A,5年,情報,,5-04-03,68,★,世界中のコンピュータなどをつなぐ通信のしくみを何という？,インターネット,,,
Q0242,C0250,A,5年,情報,,5-04-03,68,★,情報通信技術を使って情報を扱うことを、アルファベット3文字で何という？,ICT,アイシーティー,,
Q0243,C0251|C0262,A,5年|5年,情報|情報,,5-04-03|5-04-06,68|71,★,氏名・住所など、個人を特定できる情報を何という？,個人情報,こじんじょうほう,,
Q0244,C0252,A,5年,情報,,5-04-03,68,,作品をつくった人の権利を何という？,著作権,ちょさくけん,,
Q0245,C0253,A,5年,情報,,5-04-04,69,★,情報を集め、確かめ、目的に合わせて使うことを何という？,情報活用,じょうほうかつよう,,
Q0246,C0254,A,5年,情報,,5-04-04,69,★,情報がどこから出たものかを示すものを何という？,出典,しゅってん,,
Q0247,C0255,A,5年,情報,,5-04-04,69,,情報がどれくらい信用できるかを何という？,信頼性,しんらいせい,,
Q0248,C0256,A,5年,情報,,5-04-04,69,,情報を伝えるための手段を何という？,メディア,,,
Q0249,C0257,A,5年,情報,,5-04-05,70,★,情報を集めたり、伝えたり、活用したりする技術を何という？,情報通信技術,じょうほうつうしんぎじゅつ,,英語の略はICT。
Q0250,C0258,A,5年,情報,,5-04-05,70,★,情報を目的に合わせて、仕事などに生かすことを何という？,情報活用,じょうほうかつよう,,
Q0251,C0259,A,5年,情報,,5-04-05,70,,人々の生活や仕事に役立つ働きを、カタカナで何という？,サービス,,,
Q0252,C0260,A,5年,情報,,5-04-05,70,,人や物がどこにあるかを示す情報を何という？,位置情報,いちじょうほう,,
Q0253,C0263,A,5年,情報,,5-04-06,71,,情報を利用できる人とできない人の差を何という？,情報格差,じょうほうかくさ,,
Q0254,C0264,A,5年,情報,,5-04-06,71,,情報を正しく安全に扱うための考え方やルールを何という？,情報モラル,じょうほうモラル,,
Q0255,C0267,A,5年,環境と災害,,5-05-01,72,,川の水が増え、あふれることを何という？,洪水,こうずい,,
Q0256,C0269|C0333,A,5年|6年,環境と災害|政治,,5-05-02|6-01-11,73|90,★,被害を受けた施設などを、元の状態に戻すことを何という？,復旧,ふっきゅう,,生活や社会まで立て直すのは復興。
Q0257,C0270|C0334|C0629,A,5年|6年|6年,環境と災害|政治|歴史,||昭和後期,5-05-02|6-01-11|6-02-75,73|90|169,★,被害を受けた地域の生活や産業、社会を立て直すことを何という？,復興,ふっこう,,施設などを元に戻すのは復旧。
Q0258,C0271,A,5年,環境と災害,,5-05-02,73,,建物などを、地震の揺れに強くすることを何という？,耐震化,たいしんか,,
Q0259,C0272,A,5年,環境と災害,,5-05-02,73,,土砂災害を防いだり、被害を減らしたりする取組を何という？,砂防,さぼう,,
Q0260,C0273,A,5年,環境と災害,,5-05-03,74,★,樹木がまとまって生えている地域を何という？,森林,しんりん,,
Q0261,C0274,A,5年,環境と災害,,5-05-03,74,★,森林から得られ、生活などに利用できる資源を何という？,森林資源,しんりんしげん,,
Q0262,C0275,A,5年,環境と災害,,5-05-03,74,★,土地や自然環境を、災害や悪化から守ることを何という？,国土保全,こくどほぜん,,
Q0263,C0276,A,5年,環境と災害,,5-05-03,74,,森林が雨水をたくわえ、ゆっくり流す働きを何という？,水源涵養,すいげんかんよう,,
Q0264,C0277,A,5年,環境と災害,,5-05-04,75,★,森林を育て、木材などを生産する産業を何という？,林業,りんぎょう,,
Q0265,C0278,A,5年,環境と災害,,5-05-04,75,★,木を植えて森林を育てることを何という？,植林,しょくりん,,
Q0266,C0279,A,5年,環境と災害,,5-05-04,75,★,森林を健全に育てるため、一部の木を切ることを何という？,間伐,かんばつ,,
Q0267,C0279,B,5年,環境と災害,,5-05-04,75,★,間伐は、森林を健全に育てるため、【　】の木を切ることである。,一部,いちぶ,,全部ではなく一部を切ることで、残った木に光が届き、よく育つ。
Q0268,C0280,A,5年,環境と災害,,5-05-04,75,,人が木を植えて育てた森林を何という？,人工林,じんこうりん,,
Q0269,C0281,A,5年,環境と災害,,5-05-05,76,★,人の活動によって、健康や生活環境に被害が生じることを何という？,公害,こうがい,,自然現象による被害は自然災害。
Q0270,C0281,B,5年,環境と災害,,5-05-05,76,★,公害とは、【　】の活動によって、健康や生活環境に被害が生じることである。,人,ひと,「人間」も可,自然現象による被害は自然災害。原因が人か自然かで分ける。
Q0271,C0282,A,5年,環境と災害,,5-05-05,76,★,空気が有害な物質などで汚れることを何という？,大気汚染,たいきおせん,,
Q0272,C0283,A,5年,環境と災害,,5-05-05,76,★,川や海などの水が汚れることを何という？,水質汚濁,すいしつおだく,,
Q0273,C0284,A,5年,環境と災害,,5-05-05,76,,人々が生活する周りの環境を何という？,生活環境,せいかつかんきょう,,
Q0274,C0285|C0289,A,5年|5年,環境と災害|環境と災害,,5-05-06|5-05-07,77|78,★,自然や生活環境を守り、よい状態に保つことを何という？,環境保全,かんきょうほぜん,,
Q0275,C0286,A,5年,環境と災害,,5-05-06,77,★,人の健康や生活環境を守るための、環境上の目標を何という？,環境基準,かんきょうきじゅん,,
Q0276,C0287,A,5年,環境と災害,,5-05-06,77,,法律やきまりによって、活動に制限を設けることを何という？,規制,きせい,,
Q0277,C0288,A,5年,環境と災害,,5-05-06,77,,状況に問題がないか、継続して確かめることを何という？,監視,かんし,,
Q0278,C0290,A,5年,環境と災害,,5-05-07,78,,将来も続けられることを何という？,持続可能,じぞくかのう,,
Q0279,C0291,A,5年,環境と災害,,5-05-07,78,,生活や産業に利用できるものを何という？,資源,しげん,,
Q0280,C0292,A,5年,環境と災害,,5-05-07,78,,人や生き物を取り巻く、自然や社会の状態を何という？,環境,かんきょう,,
Q0281,C0293,A,6年,政治,,6-01-01,80,★,社会のきまりや政策を決め、実行する働きを何という？,政治,せいじ,,
Q0282,C0294,A,6年,政治,,6-01-01,80,★,社会の課題を解決するための方針や取組を何という？,政策,せいさく,,
Q0283,C0295,A,6年,政治,,6-01-01,80,★,都道府県や市区町村など、地域の政治を行う組織を何という？,地方公共団体,ちほうこうきょうだんたい,,
Q0284,C0296,A,6年,政治,,6-01-01,80,,一定期間の収入と支出の計画を何という？,予算,よさん,,
Q0285,C0297|C0624,A,6年|6年,政治|歴史,|昭和後期,6-01-02|6-02-74,81|168,★,戦後に制定された、日本の政治と国民生活の基本を定める最高法規を何という？,日本国憲法,にほんこくけんぽう,,
Q0286,C0297|C0624,B,6年|6年,政治|歴史,|昭和後期,6-01-02|6-02-74,81|168,★,日本国憲法は、日本の政治と国民生活の基本を定める【　】である。,最高法規,さいこうほうき,,法律や政治のあり方の基本になる。
Q0287,C0298|C0625,A,6年|6年,政治|歴史,|昭和後期,6-01-02|6-02-74,81|168,★,政治の最終的な決定権が国民にあることを何という？,国民主権,こくみんしゅけん,,日本国憲法の三原則の一つ。
Q0288,C0299|C0626,B,6年|6年,政治|歴史,|昭和後期,6-01-02|6-02-74,81|168,★,日本国憲法の三原則は、国民主権・平和主義・【　】である。,基本的人権の尊重,きほんてきじんけんのそんちょう,,一人一人の基本的人権を大切にする考え。
Q0289,C0300|C0343|C0627,A,6年|6年|6年,政治|政治|歴史,||昭和後期,6-01-02|6-01-14|6-02-74,81|93|168,★,戦争を放棄し、平和を重んじる考えを何という？,平和主義,へいわしゅぎ,,日本国憲法の三原則の一つ。
Q0290,C0301,A,6年,政治,,6-01-03,82,★,人が生まれながらにもつ、基本的な権利を何という？,基本的人権,きほんてきじんけん,,
Q0291,C0302,A,6年,政治,,6-01-03,82,★,政治に参加する権利を何という？,参政権,さんせいけん,,選挙で投票できる権利は選挙権。参政権の代表例。
Q0292,C0303,A,6年,政治,,6-01-03,82,★,法律に基づいて税金を納める義務を何という？,納税の義務,のうぜいのぎむ,,
Q0293,C0304,A,6年,政治,,6-01-03,82,,社会の中で保障される自由や利益を何という？,権利,けんり,,
Q0294,C0305,A,6年,政治,,6-01-04,83,★,国民が代表者を選ぶしくみを何という？,選挙,せんきょ,,
Q0295,C0306|C0562,A,6年|6年,政治|歴史,|明治,6-01-04|6-02-55,83|149,★,選挙で投票できる権利を何という？,選挙権,せんきょけん,,政治に参加する権利全体は参政権。
Q0296,C0307,A,6年,政治,,6-01-04,83,★,選ばれた代表者が、政治について話し合う場を何という？,議会,ぎかい,,
Q0297,C0308,A,6年,政治,,6-01-04,83,★,人々に代わって、意見を政治に反映する人を何という？,代表,だいひょう,,
Q0298,C0309,A,6年,政治,,6-01-05,84,★,国民の代表が集まり、国の政治を話し合う議会を何という？,国会,こっかい,,
Q0299,C0310|C0322,A,6年|6年,政治|政治,,6-01-05|6-01-08,84|87,★,法律をつくる働きを何という？,立法,りっぽう,,国会が担当する。
Q0300,C0311,A,6年,政治,,6-01-05,84,★,国会を構成する二つの議院は、参議院と何？,衆議院,しゅうぎいん,,
Q0301,C0312,A,6年,政治,,6-01-05,84,★,国会を構成する二つの議院は、衆議院と何？,参議院,さんぎいん,,
Q0302,C0313,A,6年,政治,,6-01-06,85,★,国の行政を担当する機関を何という？,内閣,ないかく,,
Q0303,C0314,A,6年,政治,,6-01-06,85,★,法律や予算に基づいて、政策を実行する働きを何という？,行政,ぎょうせい,,
Q0304,C0315,A,6年,政治,,6-01-06,85,★,内閣の中心となる大臣を何という？,内閣総理大臣,ないかくそうりだいじん,,
Q0305,C0316,A,6年,政治,,6-01-06,85,,各分野の行政を担当する大臣を何という？,国務大臣,こくむだいじん,,
Q0306,C0317,A,6年,政治,,6-01-07,86,★,法律に基づいて争いや事件を判断する機関を何という？,裁判所,さいばんしょ,,判断する「手続き」は裁判。
Q0307,C0318|C0324,A,6年|6年,政治|政治,,6-01-07|6-01-08,86|87,★,法律に基づいて裁判を行う働きを何という？,司法,しほう,,裁判所が担当する。
Q0308,C0319,A,6年,政治,,6-01-07,86,★,日本で最も上位の裁判所を何という？,最高裁判所,さいこうさいばんしょ,,
Q0309,C0320,A,6年,政治,,6-01-07,86,,法律に基づいて争いや事件を判断する手続きを何という？,裁判,さいばん,,判断する「機関」は裁判所。
Q0310,C0321,A,6年,政治,,6-01-08,87,★,国の権力を立法・行政・司法に分けるしくみを何という？,三権分立,さんけんぶんりつ,,
Q0311,C0321,B,6年,政治,,6-01-08,87,★,三権分立は、国の権力を立法・【　】・司法に分けるしくみである。,行政,ぎょうせい,,国会＝立法、内閣＝行政、裁判所＝司法。
Q0312,C0323,A,6年,政治,,6-01-08,87,★,三権のうち、法律を実行する働きを何という？,行政,ぎょうせい,,内閣が担当する。
Q0313,C0325,A,6年,政治,,6-01-09,88,★,国民が裁判官とともに、一部の刑事裁判に参加する制度を何という？,裁判員制度,さいばんいんせいど,,
Q0314,C0326,A,6年,政治,,6-01-09,88,,国民が裁判官とともに一部の刑事裁判に参加する制度で、裁判に参加する国民を何という？,裁判員,さいばんいん,,
Q0315,C0327,A,6年,政治,,6-01-09,88,,犯罪について、有罪・無罪などを判断する裁判を何という？,刑事裁判,けいじさいばん,,
Q0316,C0329,A,6年,政治,,6-01-10,89,★,税金を納めることを何という？,納税,のうぜい,,法律に基づいて納める義務は納税の義務。
Q0317,C0331,B,6年,政治,,6-01-10,89,,【　】とは、税金のことである。,租税,そぜい,,
Q0318,C0332,A,6年,政治,,6-01-11,90,★,病気・高齢・生活上の困難などに備えて、人々の生活を支える仕組みを何という？,社会保障,しゃかいほしょう,,
Q0319,C0335,A,6年,政治,,6-01-11,90,,地域の産業や暮らしを元気にする取組を何という？,地域活性化,ちいきかっせいか,,
Q0320,C0336,A,6年,政治,,6-01-12,91,★,地域の住民の意思を生かして、地域の政治を行うことを何という？,地方自治,ちほうじち,,
Q0321,C0337,A,6年,政治,,6-01-12,91,★,地域の政治について話し合い、条例や予算などを決める議会を何という？,地方議会,ちほうぎかい,,
Q0322,C0338,A,6年,政治,,6-01-12,91,★,都道府県知事や市区町村長をまとめて何という？,首長,しゅちょう,「くびちょう」と読んでも可,
Q0323,C0339,A,6年,政治,,6-01-12,91,,地方公共団体が定める地域のきまりを何という？,条例,じょうれい,,国のきまりは法律。
Q0324,C0340,B,6年,政治,,6-01-13,92,★,天皇は、日本国と日本国民統合の【　】である。,象徴,しょうちょう,,
Q0325,C0341,A,6年,政治,,6-01-13,92,★,憲法で定められた、天皇が行う国の形式的・儀礼的な行為を何という？,国事行為,こくじこうい,,
Q0326,C0342,A,6年,政治,,6-01-13,92,,あるものを代表して示す存在を何という？,象徴,しょうちょう,,
Q0327,C0344|C0652,A,6年|6年,政治|国際,,6-01-14|6-03-04,93|177,★,国や人々が、世界の課題を解決するために協力することを何という？,国際協力,こくさいきょうりょく,,
Q0328,C0345,A,6年,歴史,,6-02-01,95,★,昔から現在までの、社会や人々の変化を何という？,歴史,れきし,,
Q0329,C0346,A,6年,歴史,,6-02-01,95,★,歴史を、特徴ごとに区切った期間を何という？,時代,じだい,,
Q0330,C0348,A,6年,歴史,,6-02-01,95,,過去の文化や歴史を、今に伝えるものを何という？,文化遺産,ぶんかいさん,,
Q0331,C0349,A,6年,歴史,縄文,6-02-02,96,★,狩猟・採集・漁労などを行い、縄目の文様の土器を使った時代を何という？,縄文時代,じょうもんじだい,,
Q0332,C0350,A,6年,歴史,縄文,6-02-02,96,★,縄目の文様をもつものが多い土器を何という？,縄文土器,じょうもんどき,,
Q0333,C0351,A,6年,歴史,縄文,6-02-02,96,★,地面を掘り下げて床をつくった住居を何という？,竪穴住居,たてあなじゅうきょ,,
Q0334,C0352,A,6年,歴史,縄文,6-02-02,96,★,貝殻や食べ物の残りなどを捨てた場所を何という？,貝塚,かいづか,,
Q0335,C0353,A,6年,歴史,弥生,6-02-03,97,★,米づくりが広まり、縄文土器より薄手の土器などが使われた時代を何という？,弥生時代,やよいじだい,,
Q0336,C0354,A,6年,歴史,弥生,6-02-03,97,★,稲を育てて米をつくる農業を何という？,稲作,いなさく,,
Q0337,C0355,A,6年,歴史,弥生,6-02-03,97,★,米づくりが広まった時代に使われた、縄文土器より薄手のものが多い土器を何という？,弥生土器,やよいどき,,
Q0338,C0356,A,6年,歴史,弥生,6-02-03,97,★,鉄でつくられた道具を何という？,鉄器,てっき,,
Q0339,C0357,A,6年,歴史,弥生,6-02-03,97,,青銅でつくられた道具や祭器を何という？,青銅器,せいどうき,,
Q0340,C0358,A,6年,歴史,弥生,6-02-04,98,★,複数のむらがまとまってできた、政治的なまとまりを何という？,くに,,,
Q0341,C0359,A,6年,歴史,弥生,6-02-04,98,★,地域で大きな力をもった人々を何という？,豪族,ごうぞく,,
Q0342,C0360,A,6年,歴史,弥生,6-02-04,98,,周囲に濠をめぐらせた集落を何という？,環濠集落,かんごうしゅうらく,,
Q0343,C0361,A,6年,歴史,弥生,6-02-04,98,,弥生時代の、大規模な集落跡として知られる遺跡を何という？,吉野ヶ里遺跡,よしのがりいせき,,
Q0344,C0362,A,6年,歴史,弥生,6-02-04,98,★,邪馬台国の女王で、中国の魏に使いを送った人物はだれ？,卑弥呼,ひみこ,,
Q0345,C0363,A,6年,歴史,古墳,6-02-05,99,★,有力者のためにつくられた大きな墓を何という？,古墳,こふん,,
Q0346,C0364,A,6年,歴史,古墳,6-02-05,99,★,前が四角、後ろが丸い形の古墳を何という？,前方後円墳,ぜんぽうこうえんふん,,
Q0347,C0365,A,6年,歴史,古墳,6-02-05,99,★,大和地方を中心に、有力豪族がつくった政治的な勢力を何という？,大和政権,やまとせいけん,,
Q0348,C0366,A,6年,歴史,古墳,6-02-05,99,★,大和政権の中心となった有力者を何という？,大王,おおきみ,,
Q0349,C0367,A,6年,歴史,古墳,6-02-05,99,,古墳の上や周りに置かれた土製品を何という？,埴輪,はにわ,,
Q0350,C0368,A,6年,歴史,古墳,6-02-06,100,★,大陸や朝鮮半島から、日本へ渡ってきた人々を何という？,渡来人,とらいじん,,
Q0351,C0369,A,6年,歴史,古墳,6-02-06,100,★,インドで生まれ、中国・朝鮮半島などを通して日本に伝わった宗教を何という？,仏教,ぶっきょう,,
Q0352,C0370,A,6年,歴史,古墳,6-02-06,100,,中国で生まれ、日本にも伝わった文字を何という？,漢字,かんじ,,漢字をもとに日本で発達したのが、かな文字。
Q0353,C0371,A,6年,歴史,古墳,6-02-06,100,,中国や朝鮮半島などから伝わった文化や技術を何という？,大陸文化,たいりくぶんか,,
Q0354,C0372,A,6年,歴史,飛鳥,6-02-07,101,★,天皇を中心とする政治を進めようとした人物はだれ？,聖徳太子,しょうとくたいし,,
Q0355,C0373,A,6年,歴史,飛鳥,6-02-07,101,★,能力や功績に応じて、役人に位を与える制度を何という？,冠位十二階,かんいじゅうにかい,,
Q0356,C0374,A,6年,歴史,飛鳥,6-02-07,101,★,役人の心構えを示したきまりを何という？,十七条の憲法,じゅうしちじょうのけんぽう,,
Q0357,C0375,A,6年,歴史,飛鳥,6-02-07,101,★,隋へ送った使節を何という？,遣隋使,けんずいし,,唐へ送った使節は遣唐使。
Q0358,C0376,A,6年,歴史,飛鳥,6-02-07,101,★,遣隋使として隋へ派遣された人物はだれ？,小野妹子,おののいもこ,,
Q0359,C0377,A,6年,歴史,飛鳥,6-02-08,102,★,聖徳太子と関わりが深い仏教寺院を何という？,法隆寺,ほうりゅうじ,,
Q0360,C0378,A,6年,歴史,飛鳥,6-02-08,102,★,仏教や大陸文化の影響を強く受けた、聖徳太子のころの文化を何という？,飛鳥文化,あすかぶんか,,
Q0361,C0379,A,6年,歴史,飛鳥,6-02-08,102,,仏教の寺を何という？,寺院,じいん,,
Q0362,C0380,A,6年,歴史,飛鳥,6-02-08,102,,仏の姿を表した像を何という？,仏像,ぶつぞう,,
Q0363,C0381,A,6年,歴史,飛鳥,6-02-09,103,★,天皇中心の政治を目指して行われた政治改革を何という？,大化の改新,たいかのかいしん,,
Q0364,C0382,A,6年,歴史,飛鳥,6-02-09,103,★,中臣鎌足と協力して、大化の改新を進めた人物はだれ？,中大兄皇子,なかのおおえのおうじ,,
Q0365,C0383,A,6年,歴史,飛鳥,6-02-09,103,★,中大兄皇子と協力して、政治改革を進めた人物はだれ？,中臣鎌足,なかとみのかまたり,,
Q0366,C0384,A,6年,歴史,飛鳥,6-02-09,103,,制度や仕組みを改めることを何という？,改革,かいかく,,
Q0367,C0385,A,6年,歴史,飛鳥,6-02-10,104,★,国を治めるために整えられた法律や制度を何という？,律令,りつりょう,,
Q0368,C0386,A,6年,歴史,飛鳥,6-02-10,104,★,国を治めるための法律や制度（律令）にもとづいて、政治を行う国家を何という？,律令国家,りつりょうこっか,,
Q0369,C0387,A,6年,歴史,飛鳥,6-02-10,104,,人々を登録した記録を何という？,戸籍,こせき,,
Q0370,C0388,A,6年,歴史,飛鳥,6-02-10,104,,国の政治を支えるため、人々が納めるものを何という？,税,ぜい,,
Q0371,C0389,A,6年,歴史,奈良,6-02-11,105,★,奈良につくられた都を何という？,平城京,へいじょうきょう,,京都につくられた都は平安京。
Q0372,C0390,A,6年,歴史,奈良,6-02-11,105,★,唐の政治や文化を学ぶために送られた使節を何という？,遣唐使,けんとうし,,隋へ送った使節は遣隋使。
Q0373,C0391,A,6年,歴史,奈良,6-02-11,105,,平城京を中心に政治が行われた時代を何という？,奈良時代,ならじだい,,
Q0374,C0392,A,6年,歴史,奈良,6-02-11,105,,奈良時代、日本が政治や文化を学ぶために使節を送った、当時の中国の王朝を何という？,唐,とう,,
Q0375,C0393,A,6年,歴史,奈良,6-02-12,106,★,仏教の力で国を安定させようとした天皇はだれ？,聖武天皇,しょうむてんのう,,
Q0376,C0394,A,6年,歴史,奈良,6-02-12,106,★,奈良に建てられ、大仏がつくられた大寺院を何という？,東大寺,とうだいじ,,
Q0377,C0395,A,6年,歴史,奈良,6-02-12,106,★,東大寺につくられた、巨大な仏像を何という？,大仏,だいぶつ,,
Q0378,C0396,A,6年,歴史,奈良,6-02-12,106,★,民衆に仏教を広め、大仏造営にも協力した僧はだれ？,行基,ぎょうき,,
Q0379,C0397,A,6年,歴史,奈良,6-02-13,107,★,唐から来日し、仏教の発展に貢献した僧はだれ？,鑑真,がんじん,,
Q0380,C0398,A,6年,歴史,奈良,6-02-13,107,★,奈良時代に栄えた、国際色豊かな文化を何という？,天平文化,てんぴょうぶんか,,
Q0381,C0399,A,6年,歴史,奈良,6-02-13,107,★,東大寺にある、宝物を伝える建物を何という？,正倉院,しょうそういん,,
Q0382,C0400,A,6年,歴史,奈良,6-02-13,107,,鑑真が開いた寺院を何という？,唐招提寺,とうしょうだいじ,,
Q0383,C0401,A,6年,歴史,平安,6-02-14,108,★,794年に京都につくられた都を何という？,平安京,へいあんきょう,,奈良につくられた都は平城京。
Q0384,C0401,B,6年,歴史,平安,6-02-14,108,★,平安京は、【　】年に京都につくられた都である。,794,ななひゃくきゅうじゅうよん,,
Q0385,C0402,A,6年,歴史,平安,6-02-14,108,★,平安時代に、大きな政治的権力をもった貴族はだれ？,藤原道長,ふじわらのみちなが,,
Q0386,C0403,A,6年,歴史,平安,6-02-14,108,★,幼い天皇に代わって政治を行う役職を何という？,摂政,せっしょう,,成人した天皇を補佐するのは関白。
Q0387,C0403,B,6年,歴史,平安,6-02-14,108,★,摂政は【　】天皇に代わって政治を行い、関白は成人した天皇を補佐する役職である。,幼い,おさない,,天皇が幼いか成人かで、摂政と関白を区別する。
Q0388,C0404,A,6年,歴史,平安,6-02-14,108,★,成人した天皇を補佐する役職を何という？,関白,かんぱく,,幼い天皇に代わって政治を行うのは摂政。
Q0389,C0405,A,6年,歴史,平安,6-02-15,109,★,日本の生活や感覚に合うよう発達した、平安時代の文化を何という？,国風文化,こくふうぶんか,,
Q0390,C0406,A,6年,歴史,平安,6-02-15,109,★,漢字をもとに、日本で発達した文字を何という？,かな文字,かなもじ,,
Q0391,C0407,A,6年,歴史,平安,6-02-15,109,★,『源氏物語』を書いた人物はだれ？,紫式部,むらさきしきぶ,,『枕草子』は清少納言。
Q0392,C0408,A,6年,歴史,平安,6-02-15,109,★,『枕草子』を書いた人物はだれ？,清少納言,せいしょうなごん,,『源氏物語』は紫式部。
Q0393,C0409,A,6年,歴史,平安,6-02-15,109,,日本の風景や生活などを描いた絵を何という？,大和絵,やまとえ,,
Q0394,C0410,A,6年,歴史,平安,6-02-16,110,★,武力をもち、土地や人々を守る役割から力を伸ばした人々を何という？,武士,ぶし,,
Q0395,C0411,A,6年,歴史,平安,6-02-16,110,★,武士が主従関係などでまとまった集団を何という？,武士団,ぶしだん,,
Q0396,C0412,A,6年,歴史,平安,6-02-16,110,★,平氏を率い、武士として政治の中心で大きな力をもった人物はだれ？,平清盛,たいらのきよもり,,
Q0397,C0413,A,6年,歴史,平安,6-02-16,110,★,日本と、中国の宋との貿易を何という？,日宋貿易,にっそうぼうえき,,
Q0398,C0414,A,6年,歴史,鎌倉,6-02-17,111,★,鎌倉を中心に、武士の政権を築いた人物はだれ？,源頼朝,みなもとのよりとも,,
Q0399,C0415,A,6年,歴史,鎌倉,6-02-17,111,★,鎌倉を中心とする武士の政権を何という？,鎌倉幕府,かまくらばくふ,,
Q0400,C0416,A,6年,歴史,鎌倉,6-02-17,111,★,各国に置かれ、軍事や警察などを担った役職を何という？,守護,しゅご,,土地や年貢の管理は地頭。
Q0401,C0417,A,6年,歴史,鎌倉,6-02-17,111,★,荘園や公領で、土地や年貢の管理などを担った役職を何という？,地頭,じとう,,軍事や警察は守護。
Q0402,C0418,A,6年,歴史,鎌倉,6-02-17,111,★,平氏との戦いで活躍した、源頼朝の弟はだれ？,源義経,みなもとのよしつね,,
Q0403,C0419,A,6年,歴史,鎌倉,6-02-18,112,★,将軍と主従関係を結んだ武士を何という？,御家人,ごけにん,,
Q0404,C0420,A,6年,歴史,鎌倉,6-02-18,112,★,将軍が、御家人の土地などを保障することを何という？,御恩,ごおん,,御家人が将軍のために働くのは奉公。
Q0405,C0421,A,6年,歴史,鎌倉,6-02-18,112,★,御家人が、将軍のために軍役などを行うことを何という？,奉公,ほうこう,,将軍が土地を保障するのは御恩。
Q0406,C0422,A,6年,歴史,鎌倉,6-02-18,112,★,主君と家来が、互いに役割をもつ関係を何という？,主従関係,しゅじゅうかんけい,,
Q0407,C0423,A,6年,歴史,鎌倉,6-02-19,113,★,元が二度にわたり、日本へ攻めてきた出来事を何という？,元寇,げんこう,,
Q0408,C0424,A,6年,歴史,鎌倉,6-02-19,113,★,元寇のとき、鎌倉幕府の中心で対応した執権はだれ？,北条時宗,ほうじょうときむね,,
Q0409,C0425,A,6年,歴史,鎌倉,6-02-19,113,★,鎌倉幕府で将軍を補佐し、政治の実権を握った役職を何という？,執権,しっけん,,
Q0410,C0426,A,6年,歴史,鎌倉,6-02-19,113,,戦功などに対して与えられる褒美を何という？,恩賞,おんしょう,,
Q0411,C0427,A,6年,歴史,鎌倉,6-02-20,114,★,武士の気風や新しい仏教などを反映した、鎌倉時代の文化を何という？,鎌倉文化,かまくらぶんか,,
Q0412,C0428,A,6年,歴史,鎌倉,6-02-20,114,★,力強い仏像をつくった、鎌倉時代の代表的な仏師はだれ？,運慶,うんけい,,
Q0413,C0429,A,6年,歴史,鎌倉,6-02-20,114,★,平氏の栄華と滅亡などを描いた物語を何という？,平家物語,へいけものがたり,,
Q0414,C0430,A,6年,歴史,鎌倉,6-02-20,114,,座禅などを重んじ、武士にも広がった仏教を何という？,禅宗,ぜんしゅう,,
Q0415,C0431,A,6年,歴史,室町,6-02-21,115,★,京都を中心に、足利氏が開いた武士の政権を何という？,室町幕府,むろまちばくふ,,
Q0416,C0432,A,6年,歴史,室町,6-02-21,115,★,室町幕府を開いた人物はだれ？,足利尊氏,あしかがたかうじ,,
Q0417,C0433,A,6年,歴史,室町,6-02-21,115,,武士の政権の中心となる役職を何という？,将軍,しょうぐん,,
Q0418,C0434,A,6年,歴史,室町,6-02-22,116,★,室町幕府の力を強め、日明貿易を進めた将軍はだれ？,足利義満,あしかがよしみつ,,銀閣を建てたのは足利義政。
Q0419,C0435,A,6年,歴史,室町,6-02-22,116,★,日本と明との間で行われた貿易を何という？,日明貿易,にちみんぼうえき,,
Q0420,C0436,A,6年,歴史,室町,6-02-22,116,★,正式な貿易船であることを確認するための札を何という？,勘合,かんごう,,
Q0421,C0437,A,6年,歴史,室町,6-02-22,116,,足利義満の時代、日本と貿易を行った、当時の中国の王朝を何という？,明,みん,,
Q0422,C0438,A,6年,歴史,室町,6-02-23,117,★,足利義満が建てた山荘の一部で、北山文化を代表する建物を何という？,金閣,きんかく,,
Q0423,C0439,A,6年,歴史,室町,6-02-23,117,★,足利義満のころに栄えた、武家・公家・大陸文化が交わる文化を何という？,北山文化,きたやまぶんか,,
Q0424,C0440,A,6年,歴史,室町,6-02-24,118,★,足利義政が建てた山荘の一部で、東山文化を代表する建物を何という？,銀閣,ぎんかく,,
Q0425,C0441,A,6年,歴史,室町,6-02-24,118,★,室町時代後半に栄え、現在の日本文化にもつながる文化を何という？,東山文化,ひがしやまぶんか,,
Q0426,C0442,A,6年,歴史,室町,6-02-24,118,★,水墨画を大成した画家はだれ？,雪舟,せっしゅう,,
Q0427,C0443,A,6年,歴史,室町,6-02-24,118,,現在の和室につながる建築様式を何という？,書院造,しょいんづくり,「書院造り」も可,
Q0428,C0444,A,6年,歴史,室町,6-02-24,118,★,銀閣を建てた、室町幕府の8代将軍はだれ？,足利義政,あしかがよしまさ,,金閣を建てたのは足利義満。
Q0429,C0445,A,6年,歴史,室町,6-02-25,119,★,人々が目的をもって団結し、集団で行動することを何という？,一揆,いっき,,
Q0430,C0446,A,6年,歴史,室町,6-02-25,119,★,農業を行う人々を何という？,農民,のうみん,,
Q0431,C0447,A,6年,歴史,室町,6-02-25,119,,商品を売買する人を何という？,商人,しょうにん,,
Q0432,C0448,A,6年,歴史,室町,6-02-25,119,,専門的な技術で、ものをつくる人を何という？,職人,しょくにん,,
Q0433,C0449,A,6年,歴史,室町,6-02-26,120,★,室町時代に起こり、戦国の世につながった大きな争いを何という？,応仁の乱,おうにんのらん,,
Q0434,C0450,A,6年,歴史,室町,6-02-26,120,★,各地の大名が領地を争った時代を何という？,戦国時代,せんごくじだい,,
Q0435,C0451,A,6年,歴史,室町,6-02-26,120,★,各地で領地を支配した有力な武将を何という？,戦国大名,せんごくだいみょう,,
Q0436,C0452,A,6年,歴史,室町,6-02-26,120,,身分の低い者が、上の者を倒して力をもつことを何という？,下剋上,げこくじょう,「下克上」も可,
Q0437,C0453,A,6年,歴史,室町,6-02-27,121,★,ポルトガル人によって、鉄砲が日本に伝えられたことを何という？,鉄砲伝来,てっぽうでんらい,,
Q0438,C0453,B,6年,歴史,室町,6-02-27,121,★,鉄砲伝来とは、【　】人によって鉄砲が日本に伝えられたことである。,ポルトガル,,,
Q0439,C0454,A,6年,歴史,室町,6-02-27,121,★,ザビエルらによって、日本に伝えられた宗教を何という？,キリスト教,キリストきょう,,
Q0440,C0455,A,6年,歴史,室町,6-02-27,121,★,日本にキリスト教を伝えた宣教師はだれ？,フランシスコ・ザビエル,,「ザビエル」も可,
Q0441,C0456,A,6年,歴史,室町,6-02-27,121,,日本と、ポルトガル・スペインなどとの貿易を何という？,南蛮貿易,なんばんぼうえき,,
Q0442,C0457,A,6年,歴史,安土桃山,6-02-28,122,★,天下統一を進めた戦国武将で、本能寺の変で倒れたのはだれ？,織田信長,おだのぶなが,,全国統一を完成させたのは豊臣秀吉。
Q0443,C0458,A,6年,歴史,安土桃山,6-02-28,122,★,信長らが鉄砲を活用して、武田軍と戦った戦いを何という？,長篠の戦い,ながしののたたかい,,
Q0444,C0459,A,6年,歴史,安土桃山,6-02-28,122,,通行する人や物を調べたり、税を取ったりする場所を何という？,関所,せきしょ,,
Q0445,C0460,A,6年,歴史,安土桃山,6-02-28,122,,商業を活発にするため、市場や座の特権を改めた政策を何という？,楽市・楽座,らくいち・らくざ,,
Q0446,C0461,A,6年,歴史,安土桃山,6-02-29,123,★,全国統一を完成させた人物はだれ？,豊臣秀吉,とよとみひでよし,,天下統一を進めたのは織田信長。
Q0447,C0462,A,6年,歴史,安土桃山,6-02-29,123,★,全国の大名を、一つの政権のもとにまとめることを何という？,天下統一,てんかとういつ,,
Q0448,C0463,A,6年,歴史,安土桃山,6-02-29,123,,織田信長が、家臣の明智光秀に攻められた出来事を何という？,本能寺の変,ほんのうじのへん,,
Q0449,C0464,A,6年,歴史,安土桃山,6-02-30,124,★,秀吉が、全国の田畑や収穫量などを調べた政策を何という？,太閤検地,たいこうけんち,,
Q0450,C0465,A,6年,歴史,安土桃山,6-02-30,124,★,農民から武器を取り上げた政策を何という？,刀狩,かたながり,「刀狩り」も可,
Q0451,C0466,A,6年,歴史,安土桃山,6-02-30,124,★,土地の生産力を、米の量で表したものを何という？,石高,こくだか,,
Q0452,C0467,A,6年,歴史,安土桃山,6-02-30,124,,武士と農民の身分・役割を分けていくことを何という？,兵農分離,へいのうぶんり,,太閤検地と刀狩によって進んだ。
Q0453,C0468,A,6年,歴史,安土桃山,6-02-31,125,★,信長・秀吉の時代に栄えた、豪華で力強い文化を何という？,安土桃山文化,あづちももやまぶんか,,
Q0454,C0469,A,6年,歴史,安土桃山,6-02-31,125,★,ヨーロッパとの交流から入ってきた文化を何という？,南蛮文化,なんばんぶんか,,
Q0455,C0470,A,6年,歴史,安土桃山,6-02-31,125,,城を中心に、武士や商人などが集まった町を何という？,城下町,じょうかまち,,
Q0456,C0471,A,6年,歴史,江戸,6-02-32,126,★,関ヶ原の戦いに勝ち、江戸幕府を開いた人物はだれ？,徳川家康,とくがわいえやす,,
Q0457,C0472,A,6年,歴史,江戸,6-02-32,126,★,家康が勝利し、全国支配を固めるきっかけとなった戦いを何という？,関ヶ原の戦い,せきがはらのたたかい,,
Q0458,C0473,A,6年,歴史,江戸,6-02-32,126,★,徳川家康が江戸に開いた、武士の政権を何という？,江戸幕府,えどばくふ,,
Q0459,C0474,A,6年,歴史,江戸,6-02-32,126,,徳川家康がなった、武士の政権の長となる役職を何という？,征夷大将軍,せいいたいしょうぐん,,
Q0460,C0475,A,6年,歴史,江戸,6-02-33,127,★,幕府から、領地の支配を認められた有力な武士を何という？,大名,だいみょう,,
Q0461,C0476,A,6年,歴史,江戸,6-02-33,127,★,大名が治めた領地と、その政治組織を何という？,藩,はん,,
Q0462,C0477,A,6年,歴史,江戸,6-02-33,127,,徳川氏の一族の大名を何という？,親藩,しんぱん,,
Q0463,C0478,A,6年,歴史,江戸,6-02-33,127,,古くから徳川氏に従った大名を何という？,譜代大名,ふだいだいみょう,,後から従ったのは外様大名。
Q0464,C0479,A,6年,歴史,江戸,6-02-33,127,,後から徳川氏に従った大名を何という？,外様大名,とざまだいみょう,,古くから従ったのは譜代大名。
Q0465,C0480,A,6年,歴史,江戸,6-02-34,128,★,大名が、江戸と領地を定期的に往復する制度を何という？,参勤交代,さんきんこうたい,,
Q0466,C0481,A,6年,歴史,江戸,6-02-34,128,★,大名が家臣を連れて移動する行列を何という？,大名行列,だいみょうぎょうれつ,,
Q0467,C0482,A,6年,歴史,江戸,6-02-34,128,,参勤交代のように、人や組織を一定の決まりに従わせることを何という？,統制,とうせい,,
Q0468,C0483,A,6年,歴史,江戸,6-02-34,128,★,参勤交代を制度として整え、大名統制を強めた将軍はだれ？,徳川家光,とくがわいえみつ,,
Q0469,C0483,B,6年,歴史,江戸,6-02-34,128,★,徳川家光は、参勤交代を制度として整えた【　】代将軍である。,3,さん,,
Q0470,C0484,A,6年,歴史,江戸,6-02-35,129,★,幕府が、外国との貿易や日本人の海外渡航などを厳しく制限した政策を何という？,鎖国,さこく,,
Q0471,C0485,A,6年,歴史,江戸,6-02-35,129,★,長崎につくられ、オランダとの貿易の窓口となった人工島を何という？,出島,でじま,,
Q0472,C0486,A,6年,歴史,江戸,6-02-35,129,,鎖国の下でも、長崎で貿易したヨーロッパの国はどこ？,オランダ,,,
Q0473,C0487,A,6年,歴史,江戸,6-02-35,129,,朝鮮から日本へ派遣された使節を何という？,朝鮮通信使,ちょうせんつうしんし,,
Q0474,C0488,A,6年,歴史,江戸,6-02-36,130,★,社会の中で決められた立場を何という？,身分,みぶん,,
Q0475,C0489,A,6年,歴史,江戸,6-02-36,130,★,江戸時代に、農業などを営み、村で生活した人々を何という？,百姓,ひゃくしょう,,主に都市で商業や手工業にたずさわったのは町人。
Q0476,C0490,A,6年,歴史,江戸,6-02-36,130,★,主に都市で、商業や手工業にたずさわった人々を何という？,町人,ちょうにん,,村で農業などを営んだのは百姓。
Q0477,C0491|C0493,A,6年|6年,歴史|歴史,江戸|江戸,6-02-36|6-02-37,130|131,★,百姓などが領主に納めた、米などの負担を何という？,年貢,ねんぐ,,
Q0478,C0492,A,6年,歴史,江戸,6-02-37,131,★,新しく田畑を開くことを何という？,新田開発,しんでんかいはつ,,
Q0479,C0495,A,6年,歴史,江戸,6-02-37,131,,村の運営を担った人々を何という？,村役人,むらやくにん,,
Q0480,C0496,A,6年,歴史,江戸,6-02-38,132,★,江戸を中心に整えられた、主要な街道を何という？,五街道,ごかいどう,,
Q0481,C0497,A,6年,歴史,江戸,6-02-38,132,★,街道沿いに置かれた、人や馬が休み宿泊する町を何という？,宿場,しゅくば,,
Q0482,C0498,A,6年,歴史,江戸,6-02-38,132,★,船で人や物を運ぶことを何という？,海運,かいうん,,
Q0483,C0499,A,6年,歴史,江戸,6-02-38,132,★,江戸時代に、米や商品が集まった大きな商業都市はどこ？,大坂,おおさか,,江戸時代は「大坂」と書く。
Q0484,C0500,A,6年,歴史,江戸,6-02-39,133,★,商人や職人など、町人を中心に栄えた文化を何という？,町人文化,ちょうにんぶんか,,
Q0485,C0501|C0505,A,6年|6年,歴史|歴史,江戸|江戸,6-02-39|6-02-40,133|134,★,江戸時代に発達した演劇を何という？,歌舞伎,かぶき,,
Q0486,C0502|C0507,A,6年|6年,歴史|歴史,江戸|江戸,6-02-39|6-02-41,133|135,★,江戸時代の人々や風景などを描いた絵を何という？,浮世絵,うきよえ,,
Q0487,C0503,A,6年,歴史,江戸,6-02-39,133,,人形と語り、音楽を組み合わせた芸能を何という？,人形浄瑠璃,にんぎょうじょうるり,,
Q0488,C0504,A,6年,歴史,江戸,6-02-40,134,★,人形浄瑠璃や歌舞伎の作品を書いた人物はだれ？,近松門左衛門,ちかまつもんざえもん,,
Q0489,C0506,A,6年,歴史,江戸,6-02-40,134,,三味線に合わせて物語を語る芸能を何という？,浄瑠璃,じょうるり,,人形と組み合わせたものが人形浄瑠璃。
Q0490,C0508,A,6年,歴史,江戸,6-02-41,135,★,江戸時代の風景版画で知られる浮世絵師はだれ？,歌川広重,うたがわひろしげ,,
Q0491,C0509,A,6年,歴史,江戸,6-02-41,135,,版を使って、同じ絵を何枚も刷る技法を何という？,版画,はんが,,
Q0492,C0510,A,6年,歴史,江戸,6-02-42,136,★,日本の古典を研究し、日本の文化や考え方を明らかにしようとした学問を何という？,国学,こくがく,,オランダ語で西洋の学問を学ぶのは蘭学。
Q0493,C0511,A,6年,歴史,江戸,6-02-42,136,★,『古事記』などを研究した国学者はだれ？,本居宣長,もとおりのりなが,,
Q0494,C0512,A,6年,歴史,江戸,6-02-42,136,,昔から伝わる文学や記録を何という？,古典,こてん,,
Q0495,C0513,A,6年,歴史,江戸,6-02-43,137,★,オランダ語を通して、西洋の科学や学問を学ぶことを何という？,蘭学,らんがく,,日本の古典を研究するのは国学。
Q0496,C0514,A,6年,歴史,江戸,6-02-43,137,★,『解体新書』の翻訳に関わった蘭学者はだれ？,杉田玄白,すぎたげんぱく,,
Q0497,C0515,A,6年,歴史,江戸,6-02-43,137,★,オランダ語の医学書をもとに翻訳された医学書を何という？,解体新書,かいたいしんしょ,,
Q0498,C0516,A,6年,歴史,江戸,6-02-44,138,★,全国を測量して、精密な日本地図作成に取り組んだ人物はだれ？,伊能忠敬,いのうただたか,,
Q0499,C0517,A,6年,歴史,江戸,6-02-44,138,★,土地の距離・位置・高さなどを測ることを何という？,測量,そくりょう,,
Q0500,C0518,A,6年,歴史,江戸,6-02-44,138,,土地の位置や形などを、縮めて表したものを何という？,地図,ちず,,
Q0501,C0519,A,6年,歴史,江戸,6-02-45,139,★,アメリカ艦隊を率いて来航し、日本に開国を求めた人物はだれ？,ペリー,,,
Q0502,C0520,A,6年,歴史,江戸,6-02-45,139,★,ペリーが率いて来航した蒸気船などを、当時の日本人は何と呼んだ？,黒船,くろふね,,
Q0503,C0521,A,6年,歴史,江戸,6-02-45,139,★,日本がアメリカと結び、開国への転換点となった条約を何という？,日米和親条約,にちべいわしんじょうやく,,
Q0504,C0522,A,6年,歴史,江戸,6-02-45,139,★,幕府が、外国との交流・貿易を広げる方向へ政策を転換したことを何という？,開国,かいこく,,外国との交流を厳しく制限したのは鎖国。
Q0505,C0523,A,6年,歴史,江戸,6-02-46,140,★,江戸幕府最後の将軍はだれ？,徳川慶喜,とくがわよしのぶ,,
Q0506,C0524,A,6年,歴史,江戸,6-02-46,140,★,徳川慶喜が、政権を朝廷に返したことを何という？,大政奉還,たいせいほうかん,,
Q0507,C0525,A,6年,歴史,江戸,6-02-46,140,,江戸幕府が終わる前の時期を何という？,幕末,ばくまつ,,
Q0508,C0526,A,6年,歴史,江戸,6-02-46,140,★,西郷隆盛と話し合い、江戸城の無血開城につなげた幕府側の人物はだれ？,勝海舟,かつかいしゅう,,新政府側は西郷隆盛。
Q0509,C0527,A,6年,歴史,江戸,6-02-46,140,★,勝海舟と話し合い、江戸城の無血開城につなげた新政府側の人物はだれ？,西郷隆盛,さいごうたかもり,,幕府側は勝海舟。
Q0510,C0528,A,6年,歴史,明治,6-02-47,141,★,幕府が倒れ、明治政府が近代国家づくりを進めた一連の改革を何という？,明治維新,めいじいしん,,
Q0511,C0529,A,6年,歴史,明治,6-02-47,141,★,江戸幕府に代わって成立した、新しい政府を何という？,明治政府,めいじせいふ,,
Q0512,C0530,A,6年,歴史,明治,6-02-47,141,,社会や政治、産業などを、近代的な仕組みに変えることを何という？,近代化,きんだいか,,
Q0513,C0531,A,6年,歴史,明治,6-02-47,141,★,五箇条の御誓文で、新しい国の方針を示した天皇はだれ？,明治天皇,めいじてんのう,,
Q0514,C0532,A,6年,歴史,明治,6-02-47,141,★,明治政府の中心として、富国強兵などを進めた人物はだれ？,大久保利通,おおくぼとしみち,,廃藩置県などを進めたのは木戸孝允。
Q0515,C0533,A,6年,歴史,明治,6-02-47,141,★,明治政府の中心として、廃藩置県などを進めた人物はだれ？,木戸孝允,きどたかよし,,富国強兵などを進めたのは大久保利通。
Q0516,C0534,A,6年,歴史,明治,6-02-48,142,★,明治政府が示した、新しい国づくりの基本方針を何という？,五箇条の御誓文,ごかじょうのごせいもん,,
Q0517,C0535,A,6年,歴史,明治,6-02-48,142,,物事を進める基本的な考えを何という？,方針,ほうしん,,
Q0518,C0536,A,6年,歴史,明治,6-02-49,143,★,藩を廃止して、府・県を置いた改革を何という？,廃藩置県,はいはんちけん,,
Q0519,C0537,A,6年,歴史,明治,6-02-49,143,★,江戸時代の身分の区別を改め、法の上で平等を目指した政策を何という？,四民平等,しみんびょうどう,,
Q0520,C0538,A,6年,歴史,明治,6-02-49,143,,中央政府に、政治の権限を集める仕組みを何という？,中央集権,ちゅうおうしゅうけん,,
Q0521,C0539,A,6年,歴史,明治,6-02-50,144,★,近代的な学校制度を整えるために定められた制度を何という？,学制,がくせい,,
Q0522,C0540,A,6年,歴史,明治,6-02-50,144,★,一定の条件の男子に、兵役を課した制度を何という？,徴兵令,ちょうへいれい,,
Q0523,C0541,A,6年,歴史,明治,6-02-50,144,★,土地の価格を基準に、現金で税を納める制度へ改めた改革を何という？,地租改正,ちそかいせい,,
Q0524,C0541,B,6年,歴史,明治,6-02-50,144,★,地租改正は、土地の価格を基準に、【　】で税を納める制度へ改めた改革である。,現金,げんきん,,それまでは米などで年貢を納めていた。
Q0525,C0542,A,6年,歴史,明治,6-02-50,144,,土地に対してかけられた税を何という？,地租,ちそ,,
Q0526,C0543,A,6年,歴史,明治,6-02-51,145,★,国を豊かにし、軍事力を強めようとする政策を何という？,富国強兵,ふこくきょうへい,,
Q0527,C0544,A,6年,歴史,明治,6-02-51,145,★,産業を育て、近代化を進める政策を何という？,殖産興業,しょくさんこうぎょう,,
Q0528,C0545,A,6年,歴史,明治,6-02-51,145,★,明治政府が設けた、官営の製糸工場を何という？,富岡製糸場,とみおかせいしじょう,,
Q0529,C0546,A,6年,歴史,明治,6-02-51,145,,政府が経営することを何という？,官営,かんえい,,
Q0530,C0547,A,6年,歴史,明治,6-02-52,146,★,明治初期に、欧米の文化や生活様式が広がったことを何という？,文明開化,ぶんめいかいか,,
Q0531,C0548,A,6年,歴史,明治,6-02-52,146,★,西洋の学問や考えを、日本に紹介した人物はだれ？,福沢諭吉,ふくざわゆきち,,
Q0532,C0549,A,6年,歴史,明治,6-02-52,146,,手紙などを運び届ける仕組みを何という？,郵便,ゆうびん,,
Q0533,C0550,A,6年,歴史,明治,6-02-52,146,★,明治初期から整備された、近代交通を何という？,鉄道,てつどう,,
Q0534,C0551,A,6年,歴史,明治,6-02-53,147,★,国民の政治参加や、国会開設などを求めた運動を何という？,自由民権運動,じゆうみんけんうんどう,,
Q0535,C0552,A,6年,歴史,明治,6-02-53,147,★,自由民権運動を進めた代表的な人物はだれ？,板垣退助,いたがきたいすけ,,
Q0536,C0553,A,6年,歴史,明治,6-02-53,147,,国民の代表が政治を話し合う議会を開くことを何という？,国会開設,こっかいかいせつ,,
Q0537,C0554,A,6年,歴史,明治,6-02-53,147,★,国会の早期開設を主張し、のちに政党政治にも関わった人物はだれ？,大隈重信,おおくましげのぶ,,
Q0538,C0555,A,6年,歴史,明治,6-02-54,148,★,明治時代に制定された日本の憲法を何という？,大日本帝国憲法,だいにっぽんていこくけんぽう,,戦後に制定されたのは日本国憲法。
Q0539,C0556,A,6年,歴史,明治,6-02-54,148,★,大日本帝国憲法の制定を、中心となって進めた人物はだれ？,伊藤博文,いとうひろぶみ,,
Q0540,C0557,A,6年,歴史,明治,6-02-54,148,★,憲法にもとづいて行う政治を何という？,立憲政治,りっけんせいじ,,
Q0541,C0558,A,6年,歴史,明治,6-02-54,148,,国が憲法などを、正式に広く知らせることを何という？,発布,はっぷ,,
Q0542,C0559,A,6年,歴史,明治,6-02-55,149,★,大日本帝国憲法のもとで開かれた国の議会を何という？,帝国議会,ていこくぎかい,,
Q0543,C0560,A,6年,歴史,明治,6-02-55,149,★,帝国議会で、選挙で選ばれた議員からなる議院を何という？,衆議院,しゅうぎいん,,皇族・華族などを中心とするのは貴族院。
Q0544,C0561,A,6年,歴史,明治,6-02-55,149,,帝国議会で、皇族・華族などを中心に構成された議院を何という？,貴族院,きぞくいん,,選挙で選ばれた議員からなるのは衆議院。
Q0545,C0563,A,6年,歴史,明治,6-02-56,150,★,日本に不利な内容を含んでいた、外国との条約を何という？,不平等条約,ふびょうどうじょうやく,,
Q0546,C0564,A,6年,歴史,明治,6-02-56,150,★,不平等な条約の内容を改めることを何という？,条約改正,じょうやくかいせい,,
Q0547,C0565,A,6年,歴史,明治,6-02-56,150,★,領事裁判権の撤廃を実現した外務大臣はだれ？,陸奥宗光,むつむねみつ,,関税自主権の回復は小村寿太郎。
Q0548,C0566,A,6年,歴史,明治,6-02-56,150,★,関税自主権の回復を実現した外務大臣はだれ？,小村寿太郎,こむらじゅたろう,,領事裁判権の撤廃は陸奥宗光。
Q0549,C0567,A,6年,歴史,明治,6-02-57,151,★,日本と清の間で行われた戦争を何という？,日清戦争,にっしんせんそう,,
Q0550,C0568,A,6年,歴史,明治,6-02-57,151,★,日清戦争の後に、日本と清が結んだ講和条約を何という？,下関条約,しものせきじょうやく,,日露戦争の後はポーツマス条約。
Q0551,C0569,A,6年,歴史,明治,6-02-57,151,,下関条約を日本と結んだ、当時の中国の王朝を何という？,清,しん,,
Q0552,C0570,A,6年,歴史,明治,6-02-57,151,,戦争による損害などに対して支払うお金を何という？,賠償金,ばいしょうきん,,
Q0553,C0571,A,6年,歴史,明治,6-02-58,152,★,日本とロシアの間で行われた戦争を何という？,日露戦争,にちろせんそう,,
Q0554,C0572,A,6年,歴史,明治,6-02-58,152,★,日露戦争の後に、日本とロシアが結んだ講和条約を何という？,ポーツマス条約,ポーツマスじょうやく,,日清戦争の後は下関条約。
Q0555,C0573,A,6年,歴史,明治,6-02-58,152,★,ポーツマス条約の交渉に当たった人物はだれ？,小村寿太郎,こむらじゅたろう,,関税自主権の回復も実現した。
Q0556,C0574,A,6年,歴史,明治,6-02-58,152,★,連合艦隊司令長官として、日本海海戦を指揮した人物はだれ？,東郷平八郎,とうごうへいはちろう,,
Q0557,C0575,A,6年,歴史,明治,6-02-59,153,★,日本が韓国を植民地として支配するようになったことを何という？,韓国併合,かんこくへいごう,,
Q0558,C0576,A,6年,歴史,明治,6-02-59,153,★,他国に支配され、政治や経済などを統制される地域を何という？,植民地,しょくみんち,,
Q0559,C0577,A,6年,歴史,明治,6-02-59,153,,他国・地域を、政治的・経済的に支配することを何という？,植民地支配,しょくみんちしはい,,
Q0560,C0578,A,6年,歴史,明治,6-02-60,154,★,機械や工場を使って、大量に生産する産業を何という？,近代産業,きんだいさんぎょう,,
Q0561,C0579,A,6年,歴史,明治,6-02-60,154,★,繊維や食品など、比較的軽い製品をつくる工業を何という？,軽工業,けいこうぎょう,,鉄鋼・機械・造船などは重工業。
Q0562,C0580,A,6年,歴史,明治,6-02-60,154,★,鉄鋼・機械・造船などを中心とする工業を何という？,重工業,じゅうこうぎょう,,繊維や食品などは軽工業。
Q0563,C0581,A,6年,歴史,明治,6-02-60,154,★,日本の近代重工業を支えた、官営の製鉄所を何という？,八幡製鉄所,やはたせいてつじょ,,
Q0564,C0582,A,6年,歴史,明治,6-02-61,155,,明治時代を代表する小説家はだれ？,夏目漱石,なつめそうせき,,
Q0565,C0583,A,6年,歴史,明治,6-02-61,155,★,感染症などの研究に取り組んだ医学者はだれ？,野口英世,のぐちひでよ,,
Q0566,C0584,A,6年,歴史,明治,6-02-61,155,,観察や実験などを通して、自然の仕組みを調べる学問を何という？,科学,かがく,,
Q0567,C0585,A,6年,歴史,大正,6-02-62,156,★,1914年に始まり、多くの国が参加した世界規模の戦争を何という？,第一次世界大戦,だいいちじせかいたいせん,,
Q0568,C0585,B,6年,歴史,大正,6-02-62,156,★,第一次世界大戦は、【　】年に始まった。,1914,せんきゅうひゃくじゅうよん,,
Q0569,C0586,A,6年,歴史,大正,6-02-62,156,★,第一次世界大戦中、日本の輸出や生産が増えて、景気がよくなったことを何という？,大戦景気,たいせんけいき,,
Q0570,C0587,A,6年,歴史,大正,6-02-62,156,,第一次世界大戦で、日本が参加した側を何という？,連合国,れんごうこく,,
Q0571,C0588,A,6年,歴史,大正,6-02-63,157,★,米価の高騰に対して、各地で起こった抗議運動を何という？,米騒動,こめそうどう,,
Q0572,C0589,A,6年,歴史,大正,6-02-63,157,★,社会や政治を変えようと、人々が行う運動を何という？,社会運動,しゃかいうんどう,,
Q0573,C0590,A,6年,歴史,大正,6-02-63,157,,労働者が待遇改善などを求める運動を何という？,労働運動,ろうどううんどう,,
Q0574,C0591,A,6年,歴史,大正,6-02-64,158,★,大正時代に広がった、民主主義的な政治や社会を求める動きを何という？,大正デモクラシー,たいしょうデモクラシー,,
Q0575,C0592,A,6年,歴史,大正,6-02-64,158,★,民本主義を唱えた政治学者はだれ？,吉野作造,よしのさくぞう,,
Q0576,C0593,A,6年,歴史,大正,6-02-64,158,,政治は民衆の利益や意向を重んじるべきだという考えを何という？,民本主義,みんぽんしゅぎ,,
Q0577,C0594,A,6年,歴史,大正,6-02-65,159,★,財産の条件をなくし、多くの成人男性に選挙権を広げた法律を何という？,普通選挙法,ふつうせんきょほう,,
Q0578,C0595,A,6年,歴史,大正,6-02-65,159,★,財産などによる制限を設けず、一定年齢以上の人に選挙権を認める制度を何という？,普通選挙,ふつうせんきょ,,
Q0579,C0596,A,6年,歴史,大正,6-02-65,159,,選挙などを通して、政治に関わることを何という？,政治参加,せいじさんか,,
Q0580,C0597,A,6年,歴史,昭和前期,6-02-66,160,★,1929年に始まり、世界各国へ広がった深刻な不況を何という？,世界恐慌,せかいきょうこう,,
Q0581,C0598,A,6年,歴史,昭和前期,6-02-66,160,★,生産や消費が落ち込み、経済活動が弱くなる状態を何という？,不況,ふきょう,,
Q0582,C0599,A,6年,歴史,昭和前期,6-02-66,160,,働きたいのに仕事がないことを何という？,失業,しつぎょう,,
Q0583,C0600,A,6年,歴史,昭和前期,6-02-67,161,★,日本の軍部が、中国東北部で軍事行動を広げた出来事を何という？,満州事変,まんしゅうじへん,,
Q0584,C0601,A,6年,歴史,昭和前期,6-02-67,161,★,日本の強い影響下で、中国東北部につくられた国を何という？,満州国,まんしゅうこく,,
Q0585,C0602,A,6年,歴史,昭和前期,6-02-67,161,★,第一次世界大戦後につくられた、国際平和を目指す組織を何という？,国際連盟,こくさいれんめい,,第二次世界大戦後につくられたのは国際連合。
Q0586,C0603,A,6年,歴史,昭和前期,6-02-67,161,,軍隊を指導する組織や、その幹部を何という？,軍部,ぐんぶ,,
Q0587,C0604,A,6年,歴史,昭和前期,6-02-68,162,★,1937年から本格化した、日本と中国の戦争を何という？,日中戦争,にっちゅうせんそう,,
Q0588,C0605,A,6年,歴史,昭和前期,6-02-68,162,★,社会や経済を、戦争のために動かす体制を何という？,戦時体制,せんじたいせい,,
Q0589,C0606,A,6年,歴史,昭和前期,6-02-68,162,,戦時中のように、国などが生産や生活を強く管理することを何という？,統制,とうせい,,
Q0590,C0607,A,6年,歴史,昭和前期,6-02-69,163,★,1939年に始まり、世界各地へ広がった大規模な戦争を何という？,第二次世界大戦,だいにじせかいたいせん,,
Q0591,C0608,A,6年,歴史,昭和前期,6-02-69,163,★,1941年から、日本がアメリカ・イギリスなどと戦った戦争を何という？,太平洋戦争,たいへいようせんそう,,
Q0592,C0608,B,6年,歴史,昭和前期,6-02-69,163,★,太平洋戦争は、【　】年に始まった。,1941,せんきゅうひゃくよんじゅういち,,
Q0593,C0609,A,6年,歴史,昭和前期,6-02-69,163,,第二次世界大戦で、アメリカ・イギリス・中国などを中心とする側を何という？,連合国,れんごうこく,,
Q0594,C0610,A,6年,歴史,昭和前期,6-02-70,164,★,食料や物資を、一定量ずつ分けて配ることを何という？,配給,はいきゅう,,
Q0595,C0611,A,6年,歴史,昭和前期,6-02-70,164,★,空襲を避けるため、子どもたちを都市から地方へ移したことを何という？,学童疎開,がくどうそかい,,
Q0596,C0612,A,6年,歴史,昭和前期,6-02-70,164,★,学生や生徒が、工場などで働かされたことを何という？,学徒勤労動員,がくときんろうどういん,,
Q0597,C0613,A,6年,歴史,昭和前期,6-02-70,164,,国の求めに応じて、物資などを差し出すことを何という？,供出,きょうしゅつ,,
Q0598,C0614,A,6年,歴史,昭和前期,6-02-71,165,★,航空機から、爆弾などで攻撃することを何という？,空襲,くうしゅう,,
Q0599,C0615,A,6年,歴史,昭和前期,6-02-71,165,★,太平洋戦争末期に、沖縄で行われた激しい地上戦を何という？,沖縄戦,おきなわせん,,
Q0600,C0616,A,6年,歴史,昭和前期,6-02-71,165,★,核反応を利用し、非常に大きな破壊力をもつ爆弾を何という？,原子爆弾,げんしばくだん,,
Q0601,C0617,A,6年,歴史,昭和前期,6-02-72,166,★,日本に降伏を求めた、連合国の宣言を何という？,ポツダム宣言,ポツダムせんげん,,
Q0602,C0618,A,6年,歴史,昭和前期,6-02-72,166,★,戦争に敗れることを何という？,敗戦,はいせん,,
Q0603,C0619,A,6年,歴史,昭和前期,6-02-72,166,,戦争が終わることを何という？,終戦,しゅうせん,,
Q0604,C0620,A,6年,歴史,昭和後期,6-02-73,167,★,占領期に、日本の改革を指導した連合国軍総司令部を、アルファベットで何という？,GHQ,ジーエイチキュー,,
Q0605,C0621,A,6年,歴史,昭和後期,6-02-73,167,★,国民の権利や政治参加を広げる改革を何という？,民主化,みんしゅか,,
Q0606,C0622,A,6年,歴史,昭和後期,6-02-73,167,★,地主の土地を、小作人などへ広く移した改革を何という？,農地改革,のうちかいかく,,
Q0607,C0623,A,6年,歴史,昭和後期,6-02-73,167,,女性が選挙など、政治に参加する権利を何という？,女性参政権,じょせいさんせいけん,,
Q0608,C0628,A,6年,歴史,昭和後期,6-02-75,169,★,戦争で大きな被害を受けた社会や経済を、立て直すことを何という？,戦後復興,せんごふっこう,,
Q0609,C0630,A,6年,歴史,昭和後期,6-02-75,169,,国民の意思を政治に反映することを基本とする国家を何という？,民主国家,みんしゅこっか,,
Q0610,C0631,A,6年,歴史,昭和後期,6-02-76,170,★,日本と多くの国との、戦争状態を終わらせるために結ばれた条約を何という？,サンフランシスコ平和条約,サンフランシスコへいわじょうやく,,
Q0611,C0632,A,6年,歴史,昭和後期,6-02-76,170,★,日本が独立国として、自ら政治を行う状態を回復したことを何という？,主権回復,しゅけんかいふく,,
Q0612,C0633|C0655,A,6年|6年,歴史|国際,昭和後期|,6-02-76|6-03-05,170|178,★,世界の平和と国際協力を目的としてつくられた国際機関を何という？,国際連合,こくさいれんごう,「国連」も可,第一次世界大戦後につくられたのは国際連盟。
Q0613,C0634,A,6年,歴史,昭和後期,6-02-76,170,★,戦後の復興や講和を進めた内閣総理大臣はだれ？,吉田茂,よしだしげる,,
Q0614,C0635,A,6年,歴史,昭和後期,6-02-77,171,★,戦後、日本の経済が急速に成長した時期を何という？,高度経済成長,こうどけいざいせいちょう,,
Q0615,C0636,A,6年,歴史,昭和後期,6-02-77,171,★,電気を利用して、家庭生活を便利にする製品を何という？,家庭電化製品,かていでんかせいひん,,
Q0616,C0637,A,6年,歴史,昭和後期,6-02-77,171,,多くの商品を、効率よくつくることを何という？,大量生産,たいりょうせいさん,,
Q0617,C0638,A,6年,歴史,昭和後期,6-02-77,171,,人々の生活の豊かさや便利さの程度を何という？,生活水準,せいかつすいじゅん,,
Q0618,C0639,A,6年,歴史,昭和後期,6-02-78,172,★,1964年に東京で開かれた、夏季オリンピックを何という？,東京オリンピック,とうきょうオリンピック,,
Q0619,C0639,B,6年,歴史,昭和後期,6-02-78,172,★,東京オリンピックは、【　】年に東京で開かれた。,1964,せんきゅうひゃくろくじゅうよん,,
Q0620,C0640,A,6年,歴史,昭和後期,6-02-78,172,★,高速で都市を結ぶ鉄道を何という？,新幹線,しんかんせん,,
Q0621,C0643,A,6年,国際,,6-03-01,174,★,世界の国々が、互いに関係しながら成り立つ社会を何という？,国際社会,こくさいしゃかい,,
Q0622,C0644|C0646,A,6年|6年,国際|国際,,6-03-01|6-03-02,174|175,★,人々の生活の中で生まれ、受け継がれる習慣・言語・芸術などを何という？,文化,ぶんか,,
Q0623,C0645|C0650,A,6年|6年,国際|国際,,6-03-01|6-03-03,174|176,★,お互いの文化や考え方、違いを理解し合うことを何という？,相互理解,そうごりかい,,
Q0624,C0647,A,6年,国際,,6-03-02,175,★,社会や地域で続けられている、生活上の行いを何という？,習慣,しゅうかん,,
Q0625,C0648,A,6年,国際,,6-03-02,175,,日本から移住した人や、その子孫を何という？,日系人,にっけいじん,,
Q0626,C0651,A,6年,国際,,6-03-03,176,,障害のある選手による、国際的な総合スポーツ大会を何という？,パラリンピック,,,
Q0627,C0653,A,6年,国際,,6-03-04,177,★,日本の国際協力を実施する機関を、アルファベットで何という？,JICA,ジャイカ,カタカナで「ジャイカ」も可,
Q0628,C0654,A,6年,国際,,6-03-04,177,,知識や技術、人材育成などを通して協力することを何という？,技術協力,ぎじゅつきょうりょく,,
Q0629,C0656,A,6年,国際,,6-03-05,178,★,世界の子どもたちを支援する国連機関を、アルファベットで何という？,UNICEF,ユニセフ,カタカナで「ユニセフ」も可,教育・科学・文化で平和に取り組むのはUNESCO。
Q0630,C0657,A,6年,国際,,6-03-05,178,★,教育・科学・文化などを通じて平和に取り組む国連機関を、アルファベットで何という？,UNESCO,ユネスコ,カタカナで「ユネスコ」も可,子どもたちを支援するのはUNICEF。
Q0631,C0658,A,6年,国際,,6-03-05,178,,複数の国が、共通の目的のためにつくる組織を何という？,国際機関,こくさいきかん,,
