カードID,出題対象,学年,分野,学年ラベル,ページID,ページ,ページタイトル,用語,読み,必修,ひとことで,補足,文科省例示人物,同一用語の出現数,定義の扱い
C0001,×,導入,導入,導入,00-01-01,1,小学校社会を一冊でつなげよう,社会科,,,人々のくらしや社会のしくみを学ぶ教科,,,1,
C0002,×,導入,導入,導入,00-01-01,1,小学校社会を一冊でつなげよう,地理,,,場所・自然・産業などを学ぶ,,,1,
C0003,×,導入,導入,導入,00-01-01,1,小学校社会を一冊でつなげよう,歴史,,★,昔から今までの社会の変化を学ぶ,,,2,文脈差（ページごとに定義が異なる）
C0004,×,導入,導入,導入,00-01-01,1,小学校社会を一冊でつなげよう,政治,,★,社会のきまりや国・自治体の働きを学ぶ,,,2,文脈差（ページごとに定義が異なる）
C0005,○,導入,導入,導入,00-01-02,2,地図の基本 ― 方位と縮尺,方位,,★,ある場所から見た方向,,,1,
C0006,○,導入,導入,導入,00-01-02,2,地図の基本 ― 方位と縮尺,四方位,,★,北・南・東・西の4方向,,,1,
C0007,○,導入,導入,導入,00-01-02,2,地図の基本 ― 方位と縮尺,八方位,,,四方位の間も加えた8方向,,,1,
C0008,○,導入,導入,導入,00-01-02,2,地図の基本 ― 方位と縮尺,縮尺,,★,実際の距離をどれだけ縮めたかを表す割合,,,1,
C0009,○,導入,導入,導入,00-01-02,2,地図の基本 ― 方位と縮尺,スケールバー,,,地図上の長さと実際の距離を示す線,,,1,
C0010,○,3年,,導入,3-01-05,3,地図記号を読もう,地図記号,,★,建物や土地などを表す全国共通の記号,なぜ使う：小さな地図にも多くの情報を表せる,,1,
C0011,○,導入,導入,導入,00-01-03,4,地図帳と地球儀,地図帳,,★,多くの地域の地図をまとめた本,,,1,
C0012,○,導入,導入,導入,00-01-03,4,地図帳と地球儀,地球儀,,★,地球を球の形のまま小さく表した模型,,,1,
C0013,○,導入,導入,導入,00-01-03,4,地図帳と地球儀,大陸,,★,非常に大きな陸地,,,2,標準定義（全ページ共通）
C0014,○,導入,導入,導入,00-01-03,4,地図帳と地球儀,海洋,,★,大陸の間に広がる大きな海,,,2,標準定義（全ページ共通）
C0015,○,導入,導入,導入,00-01-04,5,資料・グラフの読み方,資料,,★,調べたり考えたりする手がかりになる情報,,,1,
C0016,○,導入,導入,導入,00-01-04,5,資料・グラフの読み方,グラフ,,★,数の大小や変化を分かりやすく表したもの,,,1,
C0017,○,導入,導入,導入,00-01-04,5,資料・グラフの読み方,単位,,★,人・kg・％など、数が何を表すか示すもの,,,1,
C0018,○,導入,導入,導入,00-01-04,5,資料・グラフの読み方,割合,,,全体の中でどれくらいを占めるか,,,1,
C0019,○,3年,,3年①,3-01-01,6,わたしたちの市をどう見る？,市,,★,都道府県の中にある、地域のまとまりの一つ,,,1,
C0020,○,3年,,3年①,3-01-01,6,わたしたちの市をどう見る？,土地利用,,★,土地がどのように使われているか,,,2,標準定義（全ページ共通）
C0021,○,3年,,3年①,3-01-01,6,わたしたちの市をどう見る？,市街地,,,家や店などの建物が多く集まる地域,,,1,
C0022,○,3年,,3年①,3-01-01,6,わたしたちの市をどう見る？,公共施設,,★,地域の人々の生活を支えるための施設,,,2,標準定義（全ページ共通）
C0023,○,3年,,3年②,3-01-02,7,市の土地の使われ方,住宅地,,★,家が多く集まっている地域,,,1,
C0024,○,3年,,3年②,3-01-02,7,市の土地の使われ方,商業地,,★,店や会社が多く集まる地域,,,1,
C0025,○,3年,,3年②,3-01-02,7,市の土地の使われ方,工業地,,,工場が多く集まる地域,,,1,
C0026,○,3年,,3年②,3-01-02,7,市の土地の使われ方,土地利用,,★,土地がどのように使われているか,,,2,標準定義（全ページ共通）
C0027,○,3年,,3年③,3-01-03,8,市の交通と人の動き,交通,,★,人や物が場所から場所へ移動すること,,,1,
C0028,○,3年,,3年③,3-01-03,8,市の交通と人の動き,道路,,★,自動車や人などが通る道,,,1,
C0029,○,3年,,3年③,3-01-03,8,市の交通と人の動き,鉄道,,★,線路を使って人や物を運ぶ交通,,,2,文脈差（ページごとに定義が異なる）
C0030,○,3年,,3年③,3-01-03,8,市の交通と人の動き,交通網,,★,道路や鉄道などが網のようにつながったもの,,,2,標準定義（全ページ共通）
C0031,○,3年,,3年④,3-01-04,9,市の公共施設,公共施設,,★,地域の人々の生活を支えるための施設,,,2,標準定義（全ページ共通）
C0032,○,3年,,3年④,3-01-04,9,市の公共施設,市役所,,★,市の仕事を行う中心の施設,,,1,
C0033,○,3年,,3年④,3-01-04,9,市の公共施設,行政,,★,国や都道府県、市区町村が、社会のために行う仕事,,,3,文脈差（ページごとに定義が異なる）
C0034,○,3年,,3年④,3-01-04,9,市の公共施設,公共サービス,,★,行政などが人々の生活を支えるために行うサービス,例：ごみの収集・図書館・消防など,,2,標準定義（全ページ共通）
C0035,○,3年,,3年⑤,3-02-01,10,店ではたらく人,消費者,,★,商品を買って使う人,,,2,標準定義（全ページ共通）
C0036,○,3年,,3年⑤,3-02-01,10,店ではたらく人,仕入れ,,★,店で売る商品を買い入れること,,,1,
C0037,○,3年,,3年⑤,3-02-01,10,店ではたらく人,POSシステム,,★,売れた商品の情報を記録するしくみ,何がよい：売れ方を調べ、仕入れに生かせる,,1,
C0038,○,3年,,3年⑤,3-02-01,10,店ではたらく人,産地,,★,商品が生産された場所,,,3,標準定義（全ページ共通）
C0039,○,3年,,3年⑤,3-02-01,10,店ではたらく人,バーコード,,,商品の情報を機械で読むための表示,,,1,
C0040,○,3年,,3年⑥,3-02-02,11,店の商品はどこから来る？,産地,,★,商品が生産された場所,,,3,標準定義（全ページ共通）
C0041,○,3年,,3年⑥,3-02-02,11,店の商品はどこから来る？,輸送,,★,人や物を場所から場所へ運ぶこと,,,4,標準定義（全ページ共通）
C0042,○,3年,,3年⑥,3-02-02,11,店の商品はどこから来る？,販売,,★,商品を売ること,,,1,
C0043,○,3年,,3年⑥,3-02-02,11,店の商品はどこから来る？,生産者,,,農作物や製品などをつくる人,,,1,
C0044,○,3年,,3年⑦,3-02-03,12,地域でつくられるもの,生産,,★,農作物や製品などをつくること,,,1,
C0045,○,3年,,3年⑦,3-02-03,12,地域でつくられるもの,原料,,★,製品をつくるもとになる材料,,,3,標準定義（全ページ共通）
C0046,○,3年,,3年⑦,3-02-03,12,地域でつくられるもの,加工,,★,原料に手を加えて製品にすること,,,2,標準定義（全ページ共通）
C0047,○,3年,,3年⑦,3-02-03,12,地域でつくられるもの,工程,,★,物をつくる仕事の順序,,,1,
C0048,○,3年,,3年⑦,3-02-03,12,地域でつくられるもの,出荷,,★,できた物を売る場所などへ送り出すこと,,,1,
C0049,○,3年,,3年⑧,3-02-04,13,生産する人の工夫,品質,,★,物のよさや性質,,,1,
C0050,○,3年,,3年⑧,3-02-04,13,生産する人の工夫,安全,,★,危険がないようにすること,,,1,
C0051,○,3年,,3年⑧,3-02-04,13,生産する人の工夫,機械化,,,機械を使って仕事を進めること,,,2,標準定義（全ページ共通）
C0052,○,3年,,3年⑧,3-02-04,13,生産する人の工夫,効率,,,むだを減らして仕事を進めること,,,1,
C0053,○,3年,,3年⑨,3-03-01,14,火事が起きたらどうする？,119番,,★,火事や救急のときに通報する番号,,,1,
C0054,○,3年,,3年⑨,3-03-01,14,火事が起きたらどうする？,通信指令室,,★,119番を受け、出動を指令する場所,補足：地域により「消防指令センター」など名称が異なる,,1,
C0055,○,3年,,3年⑨,3-03-01,14,火事が起きたらどうする？,連携,,★,複数の人や機関が協力して動くこと,,,1,
C0056,○,3年,,3年⑨,3-03-01,14,火事が起きたらどうする？,救急,,,けが人や病人を助ける活動,,,1,
C0057,○,3年,,3年⑩,3-03-02,15,火事を防ぐための備え,消火栓,,★,消防が消火に使う水を取る設備,,,1,
C0058,○,3年,,3年⑩,3-03-02,15,火事を防ぐための備え,防火水槽,,★,火事に備えて水をためておく設備,,,1,
C0059,○,3年,,3年⑩,3-03-02,15,火事を防ぐための備え,消防団,,★,ふだんは別の仕事をしながら地域の防災に協力する人々,,,1,
C0060,○,3年,,3年⑩,3-03-02,15,火事を防ぐための備え,避難訓練,,★,災害時の避難を練習すること,,,1,
C0061,○,3年,,3年⑪,3-03-03,16,事故や事件からくらしを守る,110番,,★,事件や事故を警察へ通報する番号,,,1,
C0062,○,3年,,3年⑪,3-03-03,16,事故や事件からくらしを守る,交番,,★,地域の安全を守る警察の施設,,,1,
C0063,○,3年,,3年⑪,3-03-03,16,事故や事件からくらしを守る,パトロール,,★,地域を回って安全を確かめる活動,,,1,
C0064,○,3年,,3年⑪,3-03-03,16,事故や事件からくらしを守る,防犯,,,犯罪が起こらないように防ぐこと,,,1,
C0065,○,3年,,3年⑫,3-04-01,17,昔と今の市をくらべよう,人口,,★,ある地域に住んでいる人の数,,,1,
C0066,○,3年,,3年⑫,3-04-01,17,昔と今の市をくらべよう,年表,,★,出来事を時間の順に並べた表,,,2,標準定義（全ページ共通）
C0067,○,3年,,3年⑫,3-04-01,17,昔と今の市をくらべよう,元号,,,日本で時期を表すために使う名称,,,1,
C0068,○,3年,,3年⑫,3-04-01,17,昔と今の市をくらべよう,移り変わり,,,時間とともに様子が変化すること,,,1,
C0069,○,3年,,3年⑬,3-04-02,18,市はなぜ変わってきた？,住民,,★,その地域に住んでいる人々,,,1,
C0070,○,3年,,3年⑬,3-04-02,18,市はなぜ変わってきた？,まちづくり,,★,くらしやすい地域をつくる取組,,,1,
C0071,○,3年,,3年⑬,3-04-02,18,市はなぜ変わってきた？,税金,,★,社会の仕事を支えるために国や地方公共団体が集めるお金,,,2,標準定義（全ページ共通）
C0072,○,3年,,3年⑬,3-04-02,18,市はなぜ変わってきた？,整備,,,施設や設備を使いやすく整えること,,,1,
C0073,○,4年,,4年①,4-01-01,20,日本の8地方,地方区分,,★,日本をいくつかの地域に分ける見方,,,1,
C0074,○,4年,,4年①,4-01-01,20,日本の8地方,都道府県,,★,日本を47に分けた地域のまとまり,,,1,
C0075,○,4年,,4年②,4-01-02,21,47都道府県① 北海道・東北・関東,位置,,★,地図上でどこにあるか,,,1,
C0076,○,4年,,4年③,4-01-03,22,47都道府県② 中部・近畿,内陸,,,海に面していない地域,,,1,
C0077,○,4年,,4年⑤,4-01-05,24,自分たちの都道府県を見よう,県庁所在地,,★,都道府県の役所が置かれている都市,,,1,
C0078,○,4年,,4年⑤,4-01-05,24,自分たちの都道府県を見よう,地形,,★,山・平野・川など土地の形,,,1,
C0079,○,4年,,4年⑤,4-01-05,24,自分たちの都道府県を見よう,交通網,,★,道路や鉄道などが網のようにつながったもの,,,2,標準定義（全ページ共通）
C0080,○,4年,,4年⑤,4-01-05,24,自分たちの都道府県を見よう,産業,,,物をつくったり売ったり、サービスを提供したりする仕事,,,1,
C0081,○,4年,,4年⑥,4-02-01,25,水はどこから来る？,水源,,★,水道に使う水のもとになる場所,,,1,
C0082,○,4年,,4年⑥,4-02-01,25,水はどこから来る？,ダム,,★,川の水をためて調整する施設,,,1,
C0083,○,4年,,4年⑥,4-02-01,25,水はどこから来る？,浄水場,,★,水を安全に飲めるようにする施設,,,1,
C0084,○,4年,,4年⑥,4-02-01,25,水はどこから来る？,配水池,,★,きれいになった水を一時ためる施設,,,1,
C0085,○,4年,,4年⑥,4-02-01,25,水はどこから来る？,水道管,,★,水を家庭などへ送る管,,,1,
C0086,○,4年,,4年⑦,4-02-02,26,浄水場のしくみ,ろ過,,★,砂などを通して細かなよごれを取ること,,,1,
C0087,○,4年,,4年⑦,4-02-02,26,浄水場のしくみ,消毒,,★,細菌などを減らし安全にすること,,,1,
C0088,○,4年,,4年⑦,4-02-02,26,浄水場のしくみ,沈殿,,,重くなったよごれを底に沈めること,,,1,
C0089,○,4年,,4年⑦,4-02-02,26,浄水場のしくみ,水質検査,,,水が安全かを調べる検査,,,1,
C0090,○,4年,,4年⑧,4-02-03,27,水を安定して届ける工夫,節水,,★,使う水をむだにしないこと,,,1,
C0091,○,4年,,4年⑧,4-02-03,27,水を安定して届ける工夫,水質,,★,水の安全さやきれいさなどの性質,,,1,
C0092,○,4年,,4年⑧,4-02-03,27,水を安定して届ける工夫,安定供給,,,必要な物をいつでも届けられるようにすること,,,1,
C0093,○,4年,,4年⑧,4-02-03,27,水を安定して届ける工夫,渇水,,,雨が少なく使える水が不足すること,,,1,
C0094,○,4年,,4年⑨,4-02-04,28,電気・ガスもくらしを支える,発電所,,★,電気をつくる施設,,,1,
C0095,○,4年,,4年⑨,4-02-04,28,電気・ガスもくらしを支える,送電線,,★,電気を遠くへ送る線,,,1,
C0096,○,4年,,4年⑨,4-02-04,28,電気・ガスもくらしを支える,変電所,,★,電気を送りやすいように調整する施設,,,1,
C0097,○,4年,,4年⑨,4-02-04,28,電気・ガスもくらしを支える,節電,,★,使う電気をむだにしないこと,,,1,
C0098,○,4年,,4年⑨,4-02-04,28,電気・ガスもくらしを支える,都市ガス,,,ガス管を通して家庭などへ送るガス,,,1,
C0099,○,4年,,4年⑩,4-02-05,29,ごみはどこへ行く？,分別,,★,ごみを種類ごとに分けること,,,1,
C0100,○,4年,,4年⑩,4-02-05,29,ごみはどこへ行く？,収集,,★,ごみを集めて運ぶこと,,,1,
C0101,○,4年,,4年⑩,4-02-05,29,ごみはどこへ行く？,清掃工場,,★,ごみを燃やすなどして処理する施設,,,1,
C0102,○,4年,,4年⑩,4-02-05,29,ごみはどこへ行く？,最終処分場,,★,処理後のごみなどを埋め立てる場所,,,1,
C0103,○,4年,,4年⑩,4-02-05,29,ごみはどこへ行く？,資源ごみ,,★,再び資源として利用できるごみ,,,1,
C0104,○,4年,,4年⑪,4-02-06,30,ごみを資源に変える,3R,,★,ごみを減らすための三つの取組,,,1,
C0105,○,4年,,4年⑪,4-02-06,30,ごみを資源に変える,リデュース,,★,ごみそのものを減らすこと,,,1,
C0106,○,4年,,4年⑪,4-02-06,30,ごみを資源に変える,リユース,,★,物をくり返し使うこと,,,1,
C0107,○,4年,,4年⑪,4-02-06,30,ごみを資源に変える,リサイクル,,★,資源としてもう一度利用すること,,,1,
C0108,○,4年,,4年⑫,4-02-07,31,下水はどう処理される？,下水,,★,生活などで使ったあとのよごれた水,,,1,
C0109,○,4年,,4年⑫,4-02-07,31,下水はどう処理される？,下水管,,★,使った水を処理場へ運ぶ管,,,1,
C0110,○,4年,,4年⑫,4-02-07,31,下水はどう処理される？,下水処理場,,★,下水をきれいにして自然へ戻す施設,,,1,
C0111,○,4年,,4年⑫,4-02-07,31,下水はどう処理される？,微生物,,,目に見えないほど小さな生き物,,,1,
C0112,○,4年,,4年⑬,4-03-01,32,自然災害からくらしを守る,自然災害,,★,自然現象によって人や社会に被害が出ること,,,2,標準定義（全ページ共通）
C0113,○,4年,,4年⑬,4-03-01,32,自然災害からくらしを守る,地震,,★,地面が急に揺れる現象,,,1,
C0114,○,4年,,4年⑬,4-03-01,32,自然災害からくらしを守る,津波,,★,海底の地震などで起こる大きな波,,,1,
C0115,○,4年,,4年⑬,4-03-01,32,自然災害からくらしを守る,風水害,,★,大雨や強風などによる災害,,,1,
C0116,○,4年,,4年⑬,4-03-01,32,自然災害からくらしを守る,土砂災害,,★,土や岩が崩れたり流れたりする災害,,,2,標準定義（全ページ共通）
C0117,○,4年,,4年⑭,4-03-02,33,県や市町村はどう備える？,防災,,★,災害の被害を防いだり減らしたりする取組,,,1,
C0118,○,4年,,4年⑭,4-03-02,33,県や市町村はどう備える？,避難所,,★,災害時に避難した人が一定期間生活する場所,,,1,
C0119,○,4年,,4年⑭,4-03-02,33,県や市町村はどう備える？,避難場所,,★,災害の危険から一時的に逃れる場所,,,1,
C0120,○,4年,,4年⑭,4-03-02,33,県や市町村はどう備える？,防災訓練,,★,災害時の行動を練習する取組,,,1,
C0121,○,4年,,4年⑭,4-03-02,33,県や市町村はどう備える？,公助,,★,国や自治体など公的機関による助け,,,2,標準定義（全ページ共通）
C0122,○,4年,,4年⑮,4-03-03,34,自分たちにできる防災,自助,,★,自分や家族で自分たちを守ること,,,1,
C0123,○,4年,,4年⑮,4-03-03,34,自分たちにできる防災,共助,,★,地域の人々が助け合って守ること,,,1,
C0124,○,4年,,4年⑮,4-03-03,34,自分たちにできる防災,公助,,★,国や自治体など公的機関による助け,,,2,標準定義（全ページ共通）
C0125,○,4年,,4年⑮,4-03-03,34,自分たちにできる防災,自主防災組織,,,地域住民が自主的に行う防災の組織,,,1,
C0126,○,4年,,4年⑯,4-03-04,35,ハザードマップを読もう,ハザードマップ,,★,災害の危険がある場所などを示した地図,,,1,
C0127,○,4年,,4年⑯,4-03-04,35,ハザードマップを読もう,避難,,★,危険な場所から安全な場所へ移ること,,,1,
C0128,○,4年,,4年⑯,4-03-04,35,ハザードマップを読もう,避難経路,,,避難するときに通る道,,,1,
C0129,○,4年,,4年⑯,4-03-04,35,ハザードマップを読もう,災害リスク,,,災害で被害を受ける可能性,,,1,
C0130,○,4年,,4年⑰,4-04-01,36,受けつがれる伝統と文化,文化財,,★,歴史や文化を伝える大切な建物・美術品など,,,1,
C0131,○,4年,,4年⑰,4-04-01,36,受けつがれる伝統と文化,年中行事,,★,毎年決まった時期に行う行事,,,1,
C0132,○,4年,,4年⑰,4-04-01,36,受けつがれる伝統と文化,伝統,,★,昔から受けつがれてきた文化や習慣,,,1,
C0133,○,4年,,4年⑰,4-04-01,36,受けつがれる伝統と文化,保存,,★,大切なものを守り残すこと,,,1,
C0134,○,4年,,4年⑰,4-04-01,36,受けつがれる伝統と文化,継承,,,文化や技術などを次の世代へ受けつぐこと,,,1,
C0135,○,4年,,4年⑱,4-04-02,37,地域の発展につくした先人,先人,,★,昔、地域や社会の発展に力をつくした人々,,,1,
C0136,○,4年,,4年⑱,4-04-02,37,地域の発展につくした先人,用水路,,★,農業などに使う水を運ぶための水路,,,2,標準定義（全ページ共通）
C0137,○,4年,,4年⑱,4-04-02,37,地域の発展につくした先人,開発,,,土地などを利用しやすいように整えること,,,1,
C0138,○,4年,,4年⑱,4-04-02,37,地域の発展につくした先人,地域の発展,,,地域のくらしや産業などがよくなること,,,1,
C0139,○,4年,,4年⑲,4-05-01,38,県内の特色ある地域,地場産業,,★,地域の材料や技術などを生かして発達した産業,,,1,
C0140,○,4年,,4年⑲,4-05-01,38,県内の特色ある地域,国際交流,,★,国や地域をこえて人々が交流すること,,,4,標準定義（全ページ共通）
C0141,○,4年,,4年⑲,4-05-01,38,県内の特色ある地域,地域資源,,★,地域の自然・文化・技術などの価値あるもの,,,1,
C0142,○,4年,,4年⑲,4-05-01,38,県内の特色ある地域,保護,,★,大切なものを守ること,,,1,
C0143,○,4年,,4年⑲,4-05-01,38,県内の特色ある地域,活用,,,よさを生かして役立てること,,,1,
C0144,○,5年,,5年①,5-01-01,40,世界の中の日本,大陸,,★,非常に大きな陸地,,,2,標準定義（全ページ共通）
C0145,○,5年,,5年①,5-01-01,40,世界の中の日本,海洋,,★,大陸の間に広がる大きな海,,,2,標準定義（全ページ共通）
C0146,○,5年,,5年①,5-01-01,40,世界の中の日本,太平洋,,★,日本の東側に広がる世界最大の海洋,,,1,
C0147,○,5年,,5年①,5-01-01,40,世界の中の日本,島国,,★,国土が島々からなる国,,,1,
C0148,○,5年,,5年②,5-01-02,41,日本の国土と領域,国土,,★,国の土地の範囲,,,1,
C0149,○,5年,,5年②,5-01-02,41,日本の国土と領域,領土,,★,国が主権をもつ土地,,,1,
C0150,○,5年,,5年②,5-01-02,41,日本の国土と領域,領海,,★,国の主権が及ぶ沿岸の海,範囲：基線から12海里,,1,
C0151,○,5年,,5年②,5-01-02,41,日本の国土と領域,排他的経済水域（EEZ）,,★,沿岸国が水産資源などを利用する権利をもつ海域,範囲：原則、基線から200海里まで（領海を除く）,,1,
C0152,○,5年,,5年③,5-01-03,42,日本の地形,山地,,★,山がまとまって広がる地域,,,1,
C0153,○,5年,,5年③,5-01-03,42,日本の地形,山脈,,★,山々が細長く連なった地形,,,1,
C0154,○,5年,,5年③,5-01-03,42,日本の地形,平野,,★,平らな土地が広く続く地域,,,1,
C0155,○,5年,,5年③,5-01-03,42,日本の地形,盆地,,★,周りを山地に囲まれた平らな土地,,,1,
C0156,○,5年,,5年④,5-01-04,43,日本の気候,気候,,★,長い期間に見られる天気の特徴,,,1,
C0157,○,5年,,5年④,5-01-04,43,日本の気候,季節風,,★,季節によって向きが変わる風,,,1,
C0158,○,5年,,5年④,5-01-04,43,日本の気候,梅雨,,,初夏に雨の日が多くなる時期,,,1,
C0159,○,5年,,5年④,5-01-04,43,日本の気候,台風,,,強い風と雨を伴う熱帯低気圧,,,1,
C0160,○,5年,,5年⑤,5-01-05,44,自然条件と人々のくらし,自然条件,,★,地形や気候など、その土地の自然の特徴,,,2,標準定義（全ページ共通）
C0161,○,5年,,5年⑤,5-01-05,44,自然条件と人々のくらし,適応,,★,環境に合わせてくらし方を工夫すること,,,1,
C0162,○,5年,,5年⑥,5-02-01,45,日本の食料生産,食料生産,,★,人々が食べる農産物・畜産物・水産物を生産すること,,,1,
C0163,○,5年,,5年⑥,5-02-01,45,日本の食料生産,農業,,★,作物を育てたり家畜を飼ったりする仕事,,,1,
C0164,○,5年,,5年⑥,5-02-01,45,日本の食料生産,水産業,,★,魚や貝など水産物をとったり育てたりする仕事,,,1,
C0165,○,5年,,5年⑥,5-02-01,45,日本の食料生産,産地,,★,商品が生産された場所,,,3,標準定義（全ページ共通）
C0166,○,5年,,5年⑦,5-02-02,46,米づくり,田植え,,★,育てた苗を田に植えること,,,1,
C0167,○,5年,,5年⑦,5-02-02,46,米づくり,稲刈り,,★,実った稲を刈り取ること,,,1,
C0168,○,5年,,5年⑦,5-02-02,46,米づくり,品種改良,,★,よりよい性質をもつ品種をつくること,,,1,
C0169,○,5年,,5年⑦,5-02-02,46,米づくり,機械化,,,機械を使って仕事を進めること,,,2,標準定義（全ページ共通）
C0170,○,5年,,5年⑧,5-02-03,47,農業を支えるしくみ,農業協同組合（JA）,,★,農家の生産や販売などを支える組織,,,1,
C0171,○,5年,,5年⑧,5-02-03,47,農業を支えるしくみ,集荷,,★,生産物を一か所に集めること,,,1,
C0172,○,5年,,5年⑧,5-02-03,47,農業を支えるしくみ,選別,,★,品質や大きさなどで分けること,,,1,
C0173,○,5年,,5年⑧,5-02-03,47,農業を支えるしくみ,カントリーエレベーター,,,米などを乾燥・貯蔵する大きな施設,,,1,
C0174,○,5年,,5年⑨,5-02-04,48,新鮮な食料を届ける工夫,輸送,,★,人や物を場所から場所へ運ぶこと,,,4,標準定義（全ページ共通）
C0175,○,5年,,5年⑨,5-02-04,48,新鮮な食料を届ける工夫,コールドチェーン,,★,生産から販売まで、低い温度を切れ目なく保つしくみ,,,1,
C0176,○,5年,,5年⑨,5-02-04,48,新鮮な食料を届ける工夫,鮮度,,,食品の新鮮さ,,,1,
C0177,○,5年,,5年⑨,5-02-04,48,新鮮な食料を届ける工夫,消費地,,,商品が多く消費される地域,,,1,
C0178,○,5年,,5年⑩,5-02-05,49,食料の安全をたどる,トレーサビリティ,,★,食品の生産・加工・流通の記録をたどれるしくみ,,,1,
C0179,○,5年,,5年⑩,5-02-05,49,食料の安全をたどる,生産履歴,,,いつ・どこで・どのように生産されたかの記録,,,1,
C0180,○,5年,,5年⑩,5-02-05,49,食料の安全をたどる,食品表示,,,産地・原材料・期限などを示す表示,,,1,
C0181,○,5年,,5年⑪,5-02-06,50,野菜・果物づくりの工夫,促成栽培,,★,暖かい気候や施設を使い、収穫時期を早める栽培,,,1,
C0182,○,5年,,5年⑪,5-02-06,50,野菜・果物づくりの工夫,高原野菜,,★,夏でも涼しい高地でつくられる野菜,,,1,
C0183,○,5年,,5年⑪,5-02-06,50,野菜・果物づくりの工夫,施設園芸,,,ビニールハウスなどの施設を使う農業,,,1,
C0184,○,5年,,5年⑪,5-02-06,50,野菜・果物づくりの工夫,近郊農業,,,大都市の近くで、都市向けに行う農業,,,1,
C0185,○,5年,,5年⑫,5-02-07,51,畜産業を支える工夫,畜産,,★,牛・豚・鶏などを育てて畜産物を生産する農業,,,1,
C0186,○,5年,,5年⑫,5-02-07,51,畜産業を支える工夫,飼料,,★,家畜に与えるえさ,,,1,
C0187,○,5年,,5年⑫,5-02-07,51,畜産業を支える工夫,酪農,,,乳牛を飼い、牛乳などを生産する農業,,,1,
C0188,○,5年,,5年⑫,5-02-07,51,畜産業を支える工夫,家畜,,,人が利用するために飼育する動物,,,1,
C0189,○,5年,,5年⑬,5-02-08,52,日本の水産業,沿岸漁業,,★,海岸に近い海で行う漁業,,,1,
C0190,○,5年,,5年⑬,5-02-08,52,日本の水産業,沖合漁業,,★,日本近海の沖合で行う漁業,,,1,
C0191,○,5年,,5年⑬,5-02-08,52,日本の水産業,遠洋漁業,,★,世界の遠い海で長期間行う漁業,,,1,
C0192,○,5年,,5年⑬,5-02-08,52,日本の水産業,漁場,,,魚などをとる場所,,,1,
C0193,○,5年,,5年⑭,5-02-09,53,とる漁業・育てる漁業,養殖業,,★,魚や貝、海藻などを人が管理して育て、収穫する仕事,,,1,
C0194,○,5年,,5年⑭,5-02-09,53,とる漁業・育てる漁業,栽培漁業,,★,稚魚などを育てて放流し、資源を増やす取組,,,1,
C0195,○,5年,,5年⑭,5-02-09,53,とる漁業・育てる漁業,稚魚,,,まだ小さい魚,,,1,
C0196,○,5年,,5年⑭,5-02-09,53,とる漁業・育てる漁業,放流,,,育てた魚などを海や川へ放すこと,,,1,
C0197,○,5年,,5年⑮,5-02-10,54,水産物が食卓に届くまで,水揚げ,,★,漁船がとった水産物を港に陸揚げすること,,,1,
C0198,○,5年,,5年⑮,5-02-10,54,水産物が食卓に届くまで,魚市場,,★,水産物を集めて売買する市場,,,1,
C0199,○,5年,,5年⑮,5-02-10,54,水産物が食卓に届くまで,せり,,,買い手が値段を競って品物を買う方法,,,1,
C0200,○,5年,,5年⑮,5-02-10,54,水産物が食卓に届くまで,加工,,★,原料に手を加えて製品にすること,,,2,標準定義（全ページ共通）
C0201,○,5年,,5年⑯,5-02-11,55,食料自給率と輸入,食料自給率,,★,国内で消費する食料を国内生産でどれだけまかなえるかを示す割合,,,1,
C0202,○,5年,,5年⑯,5-02-11,55,食料自給率と輸入,輸入,,★,外国から商品などを買い入れること,,,2,標準定義（全ページ共通）
C0203,○,5年,,5年⑯,5-02-11,55,食料自給率と輸入,国内生産,,,国内で農産物や水産物などを生産すること,,,1,
C0204,○,5年,,5年⑯,5-02-11,55,食料自給率と輸入,カロリーベース,,,食べ物がもつ熱量をもとに計算する方法,,,1,
C0205,○,5年,,5年⑰,5-02-12,56,これからの食料生産,地産地消,,★,地域で生産したものを地域で消費する取組,,,1,
C0206,○,5年,,5年⑰,5-02-12,56,これからの食料生産,食品ロス,,,まだ食べられるのに捨てられる食品,,,1,
C0207,○,5年,,5年⑰,5-02-12,56,これからの食料生産,スマート農業,,,ICTやロボットなどの技術を活用する農業,,,1,
C0208,○,5年,,5年⑰,5-02-12,56,これからの食料生産,資源管理,,,魚などの資源をとりすぎないよう管理すること,,,1,
C0209,○,5年,,5年⑱,5-03-01,57,日本の工業生産,工業,,★,原料を加工して製品をつくる産業,,,1,
C0210,○,5年,,5年⑱,5-03-01,57,日本の工業生産,工業製品,,★,工場などでつくられた製品,,,1,
C0211,○,5年,,5年⑱,5-03-01,57,日本の工業生産,原料,,★,製品をつくるもとになる材料,,,3,標準定義（全ページ共通）
C0212,○,5年,,5年⑱,5-03-01,57,日本の工業生産,太平洋ベルト,,★,太平洋側に工業の盛んな地域が帯状に続く地域,,,2,標準定義（全ページ共通）
C0213,○,5年,,5年⑲,5-03-02,58,自動車はどうつくられる？,生産ライン,,★,製品を工程の順に流してつくるしくみ,,,1,
C0214,○,5年,,5年⑲,5-03-02,58,自動車はどうつくられる？,組立,,★,多くの部品を組み合わせて製品にすること,,,1,
C0215,○,5年,,5年⑲,5-03-02,58,自動車はどうつくられる？,検査,,★,製品の安全や品質を確かめること,,,1,
C0216,○,5年,,5年⑲,5-03-02,58,自動車はどうつくられる？,ロボット,,,決められた作業を自動で行う機械,,,1,
C0217,○,5年,,5年⑳,5-03-03,59,自動車工業を支える関連工場,関連工場,,★,製品に使う部品などをつくり、組立工場を支える工場,,,1,
C0218,○,5年,,5年⑳,5-03-03,59,自動車工業を支える関連工場,部品,,★,製品をつくるための一つ一つの部分,,,2,標準定義（全ページ共通）
C0219,○,5年,,5年⑳,5-03-03,59,自動車工業を支える関連工場,輸送,,★,人や物を場所から場所へ運ぶこと,,,4,標準定義（全ページ共通）
C0220,○,5年,,5年⑳,5-03-03,59,自動車工業を支える関連工場,協力,,,複数の工場が役割を分担して生産すること,,,1,
C0221,○,5年,,5年㉑,5-03-04,60,工業のさかんな地域,工業地帯,,★,工場が特に多く集まり、工業が盛んな地域,,,1,
C0222,○,5年,,5年㉑,5-03-04,60,工業のさかんな地域,工業地域,,★,工場が多く集まり、工業が盛んな地域,,,1,
C0223,○,5年,,5年㉑,5-03-04,60,工業のさかんな地域,太平洋ベルト,,★,太平洋側に工業の盛んな地域が帯状に続く地域,,,2,標準定義（全ページ共通）
C0224,○,5年,,5年㉑,5-03-04,60,工業のさかんな地域,臨海部,,,海に面した地域,,,1,
C0225,○,5年,,5年㉒,5-03-05,61,大工場と中小工場,中小工場,,★,比較的小規模で生産を行う工場,,,1,
C0226,○,5年,,5年㉒,5-03-05,61,大工場と中小工場,分業,,★,仕事を分けて受け持つこと,,,1,
C0227,○,5年,,5年㉒,5-03-05,61,大工場と中小工場,技術,,,製品をつくるための知識や方法,,,1,
C0228,○,5年,,5年㉒,5-03-05,61,大工場と中小工場,部品,,★,製品をつくるための一つ一つの部分,,,2,標準定義（全ページ共通）
C0229,○,5年,,5年㉓,5-03-06,62,工業製品はなぜ改良される？,改良,,★,より使いやすく、よい製品にすること,,,1,
C0230,○,5年,,5年㉓,5-03-06,62,工業製品はなぜ改良される？,消費者,,★,商品を買って使う人,,,2,標準定義（全ページ共通）
C0231,○,5年,,5年㉓,5-03-06,62,工業製品はなぜ改良される？,省エネルギー,,,エネルギーの使用を少なくする工夫,,,1,
C0232,○,5年,,5年㉓,5-03-06,62,工業製品はなぜ改良される？,ユニバーサルデザイン,,,多くの人が使いやすいように工夫した設計,,,1,
C0233,○,5年,,5年㉔,5-03-07,63,日本の工業と貿易,貿易,,★,国と国との間で商品などを売り買いすること,,,1,
C0234,○,5年,,5年㉔,5-03-07,63,日本の工業と貿易,輸入,,★,外国から商品などを買い入れること,,,2,標準定義（全ページ共通）
C0235,○,5年,,5年㉔,5-03-07,63,日本の工業と貿易,輸出,,★,国内の商品などを外国へ売ること,,,1,
C0236,○,5年,,5年㉔,5-03-07,63,日本の工業と貿易,原料,,★,製品をつくるもとになる材料,,,3,標準定義（全ページ共通）
C0237,○,5年,,5年㉕,5-03-08,64,工業製品を運ぶしくみ,輸送,,★,人や物を場所から場所へ運ぶこと,,,4,標準定義（全ページ共通）
C0238,○,5年,,5年㉕,5-03-08,64,工業製品を運ぶしくみ,港,,★,船が出入りし、人や物を積み降ろす場所,,,1,
C0239,○,5年,,5年㉕,5-03-08,64,工業製品を運ぶしくみ,貨物,,,運ばれる荷物,,,1,
C0240,○,5年,,5年㉕,5-03-08,64,工業製品を運ぶしくみ,物流,,,商品や原料が生産者から消費者などへ移動する流れ,,,1,
C0241,○,5年,,5年㉖,5-04-01,66,情報はくらしを支える,情報,,★,物事を知ったり判断したりするための内容,,,1,
C0242,○,5年,,5年㉖,5-04-01,66,情報はくらしを支える,情報社会,,★,情報が社会や生活で大きな役割をもつ社会,,,2,標準定義（全ページ共通）
C0243,○,5年,,5年㉖,5-04-01,66,情報はくらしを支える,発信,,,情報を外へ伝えること,,,1,
C0244,○,5年,,5年㉖,5-04-01,66,情報はくらしを支える,受信,,,情報を受け取ること,,,1,
C0245,○,5年,,5年㉗,5-04-02,67,テレビ・新聞はどう情報を伝える？,報道,,★,社会の出来事を多くの人に知らせること,,,1,
C0246,○,5年,,5年㉗,5-04-02,67,テレビ・新聞はどう情報を伝える？,取材,,★,必要な情報を調べたり話を聞いたりすること,,,1,
C0247,○,5年,,5年㉗,5-04-02,67,テレビ・新聞はどう情報を伝える？,編集,,★,情報を選び、分かりやすくまとめること,,,1,
C0248,○,5年,,5年㉗,5-04-02,67,テレビ・新聞はどう情報を伝える？,報道機関,,,新聞社や放送局など、報道を行う組織,,,1,
C0249,○,5年,,5年㉘,5-04-03,68,インターネットでつながる社会,インターネット,,★,世界中のコンピュータなどをつなぐ通信のしくみ,,,1,
C0250,○,5年,,5年㉘,5-04-03,68,インターネットでつながる社会,ICT,,★,情報通信技術を使って情報を扱うこと,,,1,
C0251,○,5年,,5年㉘,5-04-03,68,インターネットでつながる社会,個人情報,,★,氏名・住所など、個人を特定できる情報,,,2,標準定義（全ページ共通）
C0252,○,5年,,5年㉘,5-04-03,68,インターネットでつながる社会,著作権,,,作品をつくった人の権利,,,1,
C0253,○,5年,,5年㉙,5-04-04,69,情報を正しく活用しよう,情報活用,,★,情報を集め、確かめ、目的に合わせて使うこと,,,2,文脈差（ページごとに定義が異なる）
C0254,○,5年,,5年㉙,5-04-04,69,情報を正しく活用しよう,出典,,★,情報がどこから出たものかを示すもの,,,1,
C0255,○,5年,,5年㉙,5-04-04,69,情報を正しく活用しよう,信頼性,,,情報がどれくらい信用できるか,,,1,
C0256,○,5年,,5年㉙,5-04-04,69,情報を正しく活用しよう,メディア,,,情報を伝えるための手段,,,1,
C0257,○,5年,,5年㉚,5-04-05,70,情報を生かす産業,情報通信技術,,★,情報を集めたり伝えたり活用したりする技術,,,1,
C0258,○,5年,,5年㉚,5-04-05,70,情報を生かす産業,情報活用,,★,情報を目的に合わせて仕事などに生かすこと,,,2,文脈差（ページごとに定義が異なる）
C0259,○,5年,,5年㉚,5-04-05,70,情報を生かす産業,サービス,,,人々の生活や仕事に役立つ働き,,,1,
C0260,○,5年,,5年㉚,5-04-05,70,情報を生かす産業,位置情報,,,人や物がどこにあるかを示す情報,,,1,
C0261,○,5年,,5年㉛,5-04-06,71,情報社会のよさと課題,情報社会,,★,情報が社会や生活で大きな役割をもつ社会,,,2,標準定義（全ページ共通）
C0262,○,5年,,5年㉛,5-04-06,71,情報社会のよさと課題,個人情報,,★,氏名・住所など、個人を特定できる情報,,,2,標準定義（全ページ共通）
C0263,○,5年,,5年㉛,5-04-06,71,情報社会のよさと課題,情報格差,,,情報を利用できる人とできない人の差,,,1,
C0264,○,5年,,5年㉛,5-04-06,71,情報社会のよさと課題,情報モラル,,,情報を正しく安全に扱うための考え方やルール,,,1,
C0265,○,5年,,5年㉜,5-05-01,72,日本の自然と災害,自然条件,,★,地形や気候など、その土地の自然の特徴,,,2,標準定義（全ページ共通）
C0266,○,5年,,5年㉜,5-05-01,72,日本の自然と災害,自然災害,,★,自然現象によって人や社会に被害が出ること,,,2,標準定義（全ページ共通）
C0267,○,5年,,5年㉜,5-05-01,72,日本の自然と災害,洪水,,,川の水が増え、あふれること,,,1,
C0268,○,5年,,5年㉜,5-05-01,72,日本の自然と災害,土砂災害,,★,土や岩が崩れたり流れたりする災害,,,2,標準定義（全ページ共通）
C0269,○,5年,,5年㉝,5-05-02,73,自然災害から国土を守る,復旧,,★,被害を受けた施設などを元の状態に戻すこと,,,2,標準定義（全ページ共通）
C0270,○,5年,,5年㉝,5-05-02,73,自然災害から国土を守る,復興,,★,被害を受けた地域の生活や産業、社会を立て直すこと,,,3,標準定義（全ページ共通）
C0271,○,5年,,5年㉝,5-05-02,73,自然災害から国土を守る,耐震化,,,建物などを地震の揺れに強くすること,,,1,
C0272,○,5年,,5年㉝,5-05-02,73,自然災害から国土を守る,砂防,,,土砂災害を防いだり被害を減らしたりする取組,,,1,
C0273,○,5年,,5年㉞,5-05-03,74,日本の森林,森林,,★,樹木がまとまって生えている地域,,,1,
C0274,○,5年,,5年㉞,5-05-03,74,日本の森林,森林資源,,★,森林から得られ、生活などに利用できる資源,,,1,
C0275,○,5年,,5年㉞,5-05-03,74,日本の森林,国土保全,,★,土地や自然環境を災害や悪化から守ること,,,1,
C0276,○,5年,,5年㉞,5-05-03,74,日本の森林,水源涵養,すいげんかんよう,,森林が雨水をたくわえ、ゆっくり流す働き,,,1,
C0277,○,5年,,5年㉟,5-05-04,75,森林を守り育てる,林業,,★,森林を育て、木材などを生産する産業,,,1,
C0278,○,5年,,5年㉟,5-05-04,75,森林を守り育てる,植林,,★,木を植えて森林を育てること,,,1,
C0279,○,5年,,5年㉟,5-05-04,75,森林を守り育てる,間伐,,★,森林を健全に育てるため、一部の木を切ること,,,1,
C0280,○,5年,,5年㉟,5-05-04,75,森林を守り育てる,人工林,,,人が木を植えて育てた森林,,,1,
C0281,○,5年,,5年㊱,5-05-05,76,公害と人々の生活,公害,,★,人の活動によって健康や生活環境に被害が生じること,,,1,
C0282,○,5年,,5年㊱,5-05-05,76,公害と人々の生活,大気汚染,,★,空気が有害な物質などで汚れること,,,1,
C0283,○,5年,,5年㊱,5-05-05,76,公害と人々の生活,水質汚濁,,★,川や海などの水が汚れること,,,1,
C0284,○,5年,,5年㊱,5-05-05,76,公害と人々の生活,生活環境,,,人々が生活する周りの環境,,,1,
C0285,○,5年,,5年㊲,5-05-06,77,公害を防ぎ、環境を改善する,環境保全,,★,自然や生活環境を守り、よい状態に保つこと,,,2,標準定義（全ページ共通）
C0286,○,5年,,5年㊲,5-05-06,77,公害を防ぎ、環境を改善する,環境基準,,★,人の健康や生活環境を守るための環境上の目標,,,1,
C0287,○,5年,,5年㊲,5-05-06,77,公害を防ぎ、環境を改善する,規制,,,法律やきまりによって活動に制限を設けること,,,1,
C0288,○,5年,,5年㊲,5-05-06,77,公害を防ぎ、環境を改善する,監視,,,状況に問題がないか継続して確かめること,,,1,
C0289,○,5年,,5年㊳,5-05-07,78,これからの国土と環境,環境保全,,★,自然や生活環境を守り、よい状態に保つこと,,,2,標準定義（全ページ共通）
C0290,○,5年,,5年㊳,5-05-07,78,これからの国土と環境,持続可能,,,将来も続けられること,,,1,
C0291,○,5年,,5年㊳,5-05-07,78,これからの国土と環境,資源,,,生活や産業に利用できるもの,,,1,
C0292,○,5年,,5年㊳,5-05-07,78,これからの国土と環境,環境,,,人や生き物を取り巻く自然や社会の状態,,,1,
C0293,○,6年,政治,6年①,6-01-01,80,政治は何のためにある？,政治,,★,社会のきまりや政策を決め、実行する働き,,,2,文脈差（ページごとに定義が異なる）
C0294,○,6年,政治,6年①,6-01-01,80,政治は何のためにある？,政策,,★,社会の課題を解決するための方針や取組,,,1,
C0295,○,6年,政治,6年①,6-01-01,80,政治は何のためにある？,地方公共団体,,★,都道府県や市区町村など、地域の政治を行う組織,,,1,
C0296,○,6年,政治,6年①,6-01-01,80,政治は何のためにある？,予算,,,一定期間の収入と支出の計画,,,1,
C0297,○,6年,政治,6年②,6-01-02,81,日本国憲法,日本国憲法,,★,戦後に制定された、日本の政治と国民生活の基本を定める最高法規,,,2,標準定義（全ページ共通）
C0298,○,6年,政治,6年②,6-01-02,81,日本国憲法,国民主権,,★,政治の最終的な決定権が国民にあること,,,2,標準定義（全ページ共通）
C0299,○,6年,政治,6年②,6-01-02,81,日本国憲法,基本的人権の尊重,,★,一人一人の基本的人権を大切にする考え,,,2,標準定義（全ページ共通）
C0300,○,6年,政治,6年②,6-01-02,81,日本国憲法,平和主義,,★,戦争を放棄し、平和を重んじる考え,,,3,標準定義（全ページ共通）
C0301,○,6年,政治,6年③,6-01-03,82,国民の権利と義務,基本的人権,,★,人が生まれながらにもつ基本的な権利,,,1,
C0302,○,6年,政治,6年③,6-01-03,82,国民の権利と義務,参政権,,★,政治に参加する権利,,,1,
C0303,○,6年,政治,6年③,6-01-03,82,国民の権利と義務,納税の義務,,★,法律に基づいて税金を納める義務,,,1,
C0304,○,6年,政治,6年③,6-01-03,82,国民の権利と義務,権利,,,社会の中で保障される自由や利益,,,1,
C0305,○,6年,政治,6年④,6-01-04,83,選挙と国民主権,選挙,,★,国民が代表者を選ぶしくみ,,,1,
C0306,○,6年,政治,6年④,6-01-04,83,選挙と国民主権,選挙権,,★,選挙で投票できる権利,,,2,標準定義（全ページ共通）
C0307,○,6年,政治,6年④,6-01-04,83,選挙と国民主権,議会,,★,選ばれた代表者が政治について話し合う場,,,1,
C0308,○,6年,政治,6年④,6-01-04,83,選挙と国民主権,代表,,★,人々に代わって意見を政治に反映する人,,,1,
C0309,○,6年,政治,6年⑤,6-01-05,84,国会 ― 法律をつくる,国会,,★,国民の代表が集まり、国の政治を話し合う議会,,,1,
C0310,○,6年,政治,6年⑤,6-01-05,84,国会 ― 法律をつくる,立法,,★,法律をつくる働き,,,2,標準定義（全ページ共通）
C0311,○,6年,政治,6年⑤,6-01-05,84,国会 ― 法律をつくる,衆議院,,★,国会を構成する二つの議院の一つ,,,2,文脈差（ページごとに定義が異なる）
C0312,○,6年,政治,6年⑤,6-01-05,84,国会 ― 法律をつくる,参議院,,★,国会を構成する二つの議院の一つ,,,1,
C0313,○,6年,政治,6年⑥,6-01-06,85,内閣 ― 法律を実行する,内閣,,★,国の行政を担当する機関,,,1,
C0314,○,6年,政治,6年⑥,6-01-06,85,内閣 ― 法律を実行する,行政,,★,法律や予算に基づいて政策を実行する働き,,,3,文脈差（ページごとに定義が異なる）
C0315,○,6年,政治,6年⑥,6-01-06,85,内閣 ― 法律を実行する,内閣総理大臣,,★,内閣の中心となる大臣,,,1,
C0316,○,6年,政治,6年⑥,6-01-06,85,内閣 ― 法律を実行する,国務大臣,,,各分野の行政を担当する大臣,,,1,
C0317,○,6年,政治,6年⑦,6-01-07,86,裁判所 ― 法律にもとづいて判断する,裁判所,,★,法律に基づいて争いや事件を判断する機関,,,1,
C0318,○,6年,政治,6年⑦,6-01-07,86,裁判所 ― 法律にもとづいて判断する,司法,,★,法律に基づいて裁判を行う働き,,,2,標準定義（全ページ共通）
C0319,○,6年,政治,6年⑦,6-01-07,86,裁判所 ― 法律にもとづいて判断する,最高裁判所,,★,日本で最も上位の裁判所,,,1,
C0320,○,6年,政治,6年⑦,6-01-07,86,裁判所 ― 法律にもとづいて判断する,裁判,,,法律に基づいて争いや事件を判断する手続き,,,1,
C0321,○,6年,政治,6年⑧,6-01-08,87,三権分立,三権分立,,★,国の権力を立法・行政・司法に分けるしくみ,,,1,
C0322,○,6年,政治,6年⑧,6-01-08,87,三権分立,立法,,★,法律をつくる働き,,,2,標準定義（全ページ共通）
C0323,○,6年,政治,6年⑧,6-01-08,87,三権分立,行政,,★,法律を実行する働き,,,3,文脈差（ページごとに定義が異なる）
C0324,○,6年,政治,6年⑧,6-01-08,87,三権分立,司法,,★,法律に基づいて裁判を行う働き,,,2,標準定義（全ページ共通）
C0325,○,6年,政治,6年⑨,6-01-09,88,裁判員制度,裁判員制度,,★,国民が裁判官とともに一部の刑事裁判に参加する制度,,,1,
C0326,○,6年,政治,6年⑨,6-01-09,88,裁判員制度,裁判員,,,裁判員制度で裁判に参加する国民,,,1,
C0327,○,6年,政治,6年⑨,6-01-09,88,裁判員制度,刑事裁判,,,犯罪について有罪・無罪などを判断する裁判,,,1,
C0328,○,6年,政治,6年⑩,6-01-10,89,税金と私たちのくらし,税金,,★,社会の仕事を支えるために国や地方公共団体が集めるお金,,,2,標準定義（全ページ共通）
C0329,○,6年,政治,6年⑩,6-01-10,89,税金と私たちのくらし,納税,,★,税金を納めること,,,1,
C0330,○,6年,政治,6年⑩,6-01-10,89,税金と私たちのくらし,公共サービス,,★,行政などが人々の生活を支えるために行うサービス,,,2,標準定義（全ページ共通）
C0331,○,6年,政治,6年⑩,6-01-10,89,税金と私たちのくらし,租税,,,税金のこと,,,1,
C0332,○,6年,政治,6年⑪,6-01-11,90,国や地方公共団体の政治,社会保障,,★,病気・高齢・生活上の困難などに備えて人々の生活を支える仕組み,,,1,
C0333,○,6年,政治,6年⑪,6-01-11,90,国や地方公共団体の政治,復旧,,★,被害を受けた施設などを元の状態に戻すこと,,,2,標準定義（全ページ共通）
C0334,○,6年,政治,6年⑪,6-01-11,90,国や地方公共団体の政治,復興,,★,被害を受けた地域の生活や産業、社会を立て直すこと,,,3,標準定義（全ページ共通）
C0335,○,6年,政治,6年⑪,6-01-11,90,国や地方公共団体の政治,地域活性化,,,地域の産業や暮らしを元気にする取組,,,1,
C0336,○,6年,政治,6年⑫,6-01-12,91,地方自治と住民,地方自治,,★,地域の住民の意思を生かして地域の政治を行うこと,,,1,
C0337,○,6年,政治,6年⑫,6-01-12,91,地方自治と住民,地方議会,,★,地域の政治について話し合い、条例や予算などを決める議会,,,1,
C0338,○,6年,政治,6年⑫,6-01-12,91,地方自治と住民,首長,,★,都道府県知事や市区町村長,,,1,
C0339,○,6年,政治,6年⑫,6-01-12,91,地方自治と住民,条例,,,地方公共団体が定める地域のきまり,,,1,
C0340,○,6年,政治,6年⑬,6-01-13,92,天皇の地位と国事行為,天皇,,★,日本国と日本国民統合の象徴,,,1,
C0341,○,6年,政治,6年⑬,6-01-13,92,天皇の地位と国事行為,国事行為,,★,憲法で定められた、天皇が行う国の形式的・儀礼的な行為,,,1,
C0342,○,6年,政治,6年⑬,6-01-13,92,天皇の地位と国事行為,象徴,,,あるものを代表して示す存在,,,1,
C0343,○,6年,政治,6年⑭,6-01-14,93,平和主義とこれからの社会,平和主義,,★,戦争を放棄し、平和を重んじる考え,,,3,標準定義（全ページ共通）
C0344,○,6年,政治,6年⑭,6-01-14,93,平和主義とこれからの社会,国際協力,,★,国や人々が世界の課題を解決するために協力すること,,,2,標準定義（全ページ共通）
C0345,○,6年,歴史,6年歴史1,6-02-01,95,歴史をどう見る？,歴史,,★,昔から現在までの社会や人々の変化,,,2,文脈差（ページごとに定義が異なる）
C0346,○,6年,歴史,6年歴史1,6-02-01,95,歴史をどう見る？,時代,,★,歴史を特徴ごとに区切った期間,,,1,
C0347,○,6年,歴史,6年歴史1,6-02-01,95,歴史をどう見る？,年表,,★,出来事を時間の順に並べた表,,,2,標準定義（全ページ共通）
C0348,○,6年,歴史,6年歴史1,6-02-01,95,歴史をどう見る？,文化遺産,,,過去の文化や歴史を今に伝えるもの,,,1,
C0349,○,6年,歴史,6年歴史2,6-02-02,96,狩猟・採集のくらし,縄文時代,,★,狩猟・採集・漁労などを行い、縄文土器を使った時代,,,1,
C0350,○,6年,歴史,6年歴史2,6-02-02,96,狩猟・採集のくらし,縄文土器,,★,縄目の文様をもつものが多い土器,,,1,
C0351,○,6年,歴史,6年歴史2,6-02-02,96,狩猟・採集のくらし,竪穴住居,,★,地面を掘り下げて床をつくった住居,,,1,
C0352,○,6年,歴史,6年歴史2,6-02-02,96,狩猟・採集のくらし,貝塚,,★,貝殻や食べ物の残りなどを捨てた場所,,,1,
C0353,○,6年,歴史,6年歴史3,6-02-03,97,米づくりが広がる,弥生時代,,★,米づくりが広まり、弥生土器などが使われた時代,,,1,
C0354,○,6年,歴史,6年歴史3,6-02-03,97,米づくりが広がる,稲作,,★,稲を育てて米をつくる農業,,,1,
C0355,○,6年,歴史,6年歴史3,6-02-03,97,米づくりが広がる,弥生土器,,★,弥生時代に使われた、縄文土器より薄手のものが多い土器,,,1,
C0356,○,6年,歴史,6年歴史3,6-02-03,97,米づくりが広がる,鉄器,,★,鉄でつくられた道具,,,1,
C0357,○,6年,歴史,6年歴史3,6-02-03,97,米づくりが広がる,青銅器,,,青銅でつくられた道具や祭器,,,1,
C0358,○,6年,歴史,6年歴史4,6-02-04,98,むらからくにへ,くに,,★,複数のむらがまとまってできた政治的なまとまり,,,1,
C0359,○,6年,歴史,6年歴史4,6-02-04,98,むらからくにへ,豪族,,★,地域で大きな力をもった人々,,,1,
C0360,○,6年,歴史,6年歴史4,6-02-04,98,むらからくにへ,環濠集落,,,周囲に濠をめぐらせた集落,,,1,
C0361,○,6年,歴史,6年歴史4,6-02-04,98,むらからくにへ,吉野ヶ里遺跡,,,弥生時代の大規模な集落跡,,,1,
C0362,○,6年,歴史,6年歴史4,6-02-04,98,むらからくにへ,卑弥呼,,★,邪馬台国の女王で、中国の魏に使いを送った人物,,○,1,
C0363,○,6年,歴史,6年歴史5,6-02-05,99,古墳と大和政権,古墳,,★,有力者のためにつくられた大きな墓,,,1,
C0364,○,6年,歴史,6年歴史5,6-02-05,99,古墳と大和政権,前方後円墳,,★,前が四角、後ろが丸い形の古墳,,,1,
C0365,○,6年,歴史,6年歴史5,6-02-05,99,古墳と大和政権,大和政権,,★,大和地方を中心に有力豪族がつくった政治的な勢力,,,1,
C0366,○,6年,歴史,6年歴史5,6-02-05,99,古墳と大和政権,大王,,★,大和政権の中心となった有力者,,,1,
C0367,○,6年,歴史,6年歴史5,6-02-05,99,古墳と大和政権,埴輪,,,古墳の上や周りに置かれた土製品,,,1,
C0368,○,6年,歴史,6年歴史6,6-02-06,100,大陸との交流と渡来人,渡来人,,★,大陸や朝鮮半島から日本へ渡ってきた人々,,,1,
C0369,○,6年,歴史,6年歴史6,6-02-06,100,大陸との交流と渡来人,仏教,,★,インドで生まれ、中国・朝鮮半島などを通して日本に伝わった宗教,,,1,
C0370,○,6年,歴史,6年歴史6,6-02-06,100,大陸との交流と渡来人,漢字,,,中国で生まれ、日本にも伝わった文字,,,1,
C0371,○,6年,歴史,6年歴史6,6-02-06,100,大陸との交流と渡来人,大陸文化,,,中国や朝鮮半島などから伝わった文化や技術,,,1,
C0372,○,6年,歴史,6年歴史7,6-02-07,101,聖徳太子の政治,聖徳太子,,★,天皇を中心とする政治を進めようとした人物,,○,1,
C0373,○,6年,歴史,6年歴史7,6-02-07,101,聖徳太子の政治,冠位十二階,,★,能力や功績に応じて役人に位を与える制度,,,1,
C0374,○,6年,歴史,6年歴史7,6-02-07,101,聖徳太子の政治,十七条の憲法,,★,役人の心構えを示したきまり,,,1,
C0375,○,6年,歴史,6年歴史7,6-02-07,101,聖徳太子の政治,遣隋使,,★,隋へ送った使節,,,1,
C0376,○,6年,歴史,6年歴史7,6-02-07,101,聖徳太子の政治,小野妹子,,★,遣隋使として隋へ派遣された,,○,1,
C0377,○,6年,歴史,6年歴史8,6-02-08,102,法隆寺と飛鳥文化,法隆寺,,★,聖徳太子と関わりが深い仏教寺院,,,1,
C0378,○,6年,歴史,6年歴史8,6-02-08,102,法隆寺と飛鳥文化,飛鳥文化,,★,仏教や大陸文化の影響を強く受けた文化,,,1,
C0379,○,6年,歴史,6年歴史8,6-02-08,102,法隆寺と飛鳥文化,寺院,,,仏教の寺,,,1,
C0380,○,6年,歴史,6年歴史8,6-02-08,102,法隆寺と飛鳥文化,仏像,,,仏の姿を表した像,,,1,
C0381,○,6年,歴史,6年歴史9,6-02-09,103,大化の改新,大化の改新,,★,天皇中心の政治を目指して行われた政治改革,,,1,
C0382,○,6年,歴史,6年歴史9,6-02-09,103,大化の改新,中大兄皇子,,★,中臣鎌足と協力して大化の改新を進めた人物,,○,1,
C0383,○,6年,歴史,6年歴史9,6-02-09,103,大化の改新,中臣鎌足,,★,中大兄皇子と協力して政治改革を進めた人物,,○,1,
C0384,○,6年,歴史,6年歴史9,6-02-09,103,大化の改新,改革,,,制度や仕組みを改めること,,,1,
C0385,○,6年,歴史,6年歴史10,6-02-10,104,律令国家への歩み,律令,,★,国を治めるために整えられた法律や制度,,,1,
C0386,○,6年,歴史,6年歴史10,6-02-10,104,律令国家への歩み,律令国家,,★,律令にもとづいて政治を行う国家,,,1,
C0387,○,6年,歴史,6年歴史10,6-02-10,104,律令国家への歩み,戸籍,,,人々を登録した記録,,,1,
C0388,○,6年,歴史,6年歴史10,6-02-10,104,律令国家への歩み,税,,,国の政治を支えるため人々が納めるもの,,,1,
C0389,○,6年,歴史,6年歴史11,6-02-11,105,奈良に都がつくられる,平城京,,★,奈良につくられた都,,,1,
C0390,○,6年,歴史,6年歴史11,6-02-11,105,奈良に都がつくられる,遣唐使,,★,唐の政治や文化を学ぶために送られた使節,,,1,
C0391,○,6年,歴史,6年歴史11,6-02-11,105,奈良に都がつくられる,奈良時代,,,平城京を中心に政治が行われた時代,,,1,
C0392,○,6年,歴史,6年歴史11,6-02-11,105,奈良に都がつくられる,唐,,,当時の中国の王朝,,,1,
C0393,○,6年,歴史,6年歴史12,6-02-12,106,聖武天皇と大仏,聖武天皇,,★,仏教の力で国を安定させようとした天皇,,○,1,
C0394,○,6年,歴史,6年歴史12,6-02-12,106,聖武天皇と大仏,東大寺,,★,奈良に建てられた大寺院,,,1,
C0395,○,6年,歴史,6年歴史12,6-02-12,106,聖武天皇と大仏,大仏,,★,東大寺につくられた巨大な仏像,,,1,
C0396,○,6年,歴史,6年歴史12,6-02-12,106,聖武天皇と大仏,行基,,★,民衆に仏教を広め、大仏造営にも協力した僧,,○,1,
C0397,○,6年,歴史,6年歴史13,6-02-13,107,鑑真と天平文化,鑑真,,★,唐から来日し、仏教の発展に貢献した僧,,○,1,
C0398,○,6年,歴史,6年歴史13,6-02-13,107,鑑真と天平文化,天平文化,,★,奈良時代に栄えた国際色豊かな文化,,,1,
C0399,○,6年,歴史,6年歴史13,6-02-13,107,鑑真と天平文化,正倉院,,★,東大寺にある、宝物を伝える建物,,,1,
C0400,○,6年,歴史,6年歴史13,6-02-13,107,鑑真と天平文化,唐招提寺,,,鑑真が開いた寺院,,,1,
C0401,○,6年,歴史,6年歴史14,6-02-14,108,平安京と貴族の政治,平安京,,★,794年に京都につくられた都,,,1,
C0402,○,6年,歴史,6年歴史14,6-02-14,108,平安京と貴族の政治,藤原道長,,★,平安時代に大きな政治的権力をもった貴族,,○,1,
C0403,○,6年,歴史,6年歴史14,6-02-14,108,平安京と貴族の政治,摂政,,★,幼い天皇に代わって政治を行う役職,,,1,
C0404,○,6年,歴史,6年歴史14,6-02-14,108,平安京と貴族の政治,関白,,★,成人した天皇を補佐する役職,,,1,
C0405,○,6年,歴史,6年歴史15,6-02-15,109,国風文化,国風文化,,★,日本の生活や感覚に合うよう発達した文化,,,1,
C0406,○,6年,歴史,6年歴史15,6-02-15,109,国風文化,かな文字,,★,漢字をもとに日本で発達した文字,,,1,
C0407,○,6年,歴史,6年歴史15,6-02-15,109,国風文化,紫式部,,★,『源氏物語』を書いた人物,,○,1,
C0408,○,6年,歴史,6年歴史15,6-02-15,109,国風文化,清少納言,,★,『枕草子』を書いた人物,,○,1,
C0409,○,6年,歴史,6年歴史15,6-02-15,109,国風文化,大和絵,,,日本の風景や生活などを描いた絵,,,1,
C0410,○,6年,歴史,6年歴史16,6-02-16,110,武士の登場と平清盛,武士,,★,武力をもち、土地や人々を守る役割から力を伸ばした人々,,,1,
C0411,○,6年,歴史,6年歴史16,6-02-16,110,武士の登場と平清盛,武士団,,★,武士が主従関係などでまとまった集団,,,1,
C0412,○,6年,歴史,6年歴史16,6-02-16,110,武士の登場と平清盛,平清盛,,★,平氏を率い、武士として政治の中心で大きな力をもった人物,,○,1,
C0413,○,6年,歴史,6年歴史16,6-02-16,110,武士の登場と平清盛,日宋貿易,,★,日本と中国の宋との貿易,,,1,
C0414,○,6年,歴史,6年歴史17,6-02-17,111,源頼朝と鎌倉幕府,源頼朝,,★,鎌倉を中心に武士の政権を築いた人物,,○,1,
C0415,○,6年,歴史,6年歴史17,6-02-17,111,源頼朝と鎌倉幕府,鎌倉幕府,,★,鎌倉を中心とする武士の政権,,,1,
C0416,○,6年,歴史,6年歴史17,6-02-17,111,源頼朝と鎌倉幕府,守護,,★,各国に置かれ、軍事や警察などを担った役職,,,1,
C0417,○,6年,歴史,6年歴史17,6-02-17,111,源頼朝と鎌倉幕府,地頭,,★,荘園や公領で土地や年貢の管理などを担った役職,,,1,
C0418,○,6年,歴史,6年歴史17,6-02-17,111,源頼朝と鎌倉幕府,源義経,,★,平氏との戦いで活躍した源頼朝の弟,,○,1,
C0419,○,6年,歴史,6年歴史18,6-02-18,112,御恩と奉公,御家人,,★,将軍と主従関係を結んだ武士,,,1,
C0420,○,6年,歴史,6年歴史18,6-02-18,112,御恩と奉公,御恩,,★,将軍が御家人の土地などを保障すること,,,1,
C0421,○,6年,歴史,6年歴史18,6-02-18,112,御恩と奉公,奉公,,★,御家人が将軍のために軍役などを行うこと,,,1,
C0422,○,6年,歴史,6年歴史18,6-02-18,112,御恩と奉公,主従関係,,★,主君と家来が互いに役割をもつ関係,,,1,
C0423,○,6年,歴史,6年歴史19,6-02-19,113,元寇と北条時宗,元寇,,★,元が二度にわたり日本へ攻めてきた出来事,,,1,
C0424,○,6年,歴史,6年歴史19,6-02-19,113,元寇と北条時宗,北条時宗,,★,元寇のとき鎌倉幕府の中心で対応した執権,,○,1,
C0425,○,6年,歴史,6年歴史19,6-02-19,113,元寇と北条時宗,執権,,★,鎌倉幕府で将軍を補佐し政治の実権を握った役職,,,1,
C0426,○,6年,歴史,6年歴史19,6-02-19,113,元寇と北条時宗,恩賞,,,戦功などに対して与えられる褒美,,,1,
C0427,○,6年,歴史,6年歴史20,6-02-20,114,鎌倉時代の新しい仏教と文化,鎌倉文化,,★,武士の気風や新しい仏教などを反映した文化,,,1,
C0428,○,6年,歴史,6年歴史20,6-02-20,114,鎌倉時代の新しい仏教と文化,運慶,,★,力強い仏像をつくった代表的な仏師,,,1,
C0429,○,6年,歴史,6年歴史20,6-02-20,114,鎌倉時代の新しい仏教と文化,平家物語,,★,平氏の栄華と滅亡などを描いた物語,,,1,
C0430,○,6年,歴史,6年歴史20,6-02-20,114,鎌倉時代の新しい仏教と文化,禅宗,,,座禅などを重んじ、武士にも広がった仏教,,,1,
C0431,○,6年,歴史,6年歴史21,6-02-21,115,室町幕府と足利氏,室町幕府,,★,京都を中心に足利氏が開いた武士の政権,,,1,
C0432,○,6年,歴史,6年歴史21,6-02-21,115,室町幕府と足利氏,足利尊氏,,★,室町幕府を開いた人物,,,1,
C0433,○,6年,歴史,6年歴史21,6-02-21,115,室町幕府と足利氏,将軍,,,武士の政権の中心となる役職,,,1,
C0434,○,6年,歴史,6年歴史22,6-02-22,116,足利義満と日明貿易,足利義満,,★,室町幕府の力を強め、日明貿易を進めた将軍,,○,1,
C0435,○,6年,歴史,6年歴史22,6-02-22,116,足利義満と日明貿易,日明貿易,,★,日本と明との間で行われた貿易,,,1,
C0436,○,6年,歴史,6年歴史22,6-02-22,116,足利義満と日明貿易,勘合,,★,正式な貿易船であることを確認するための札,,,1,
C0437,○,6年,歴史,6年歴史22,6-02-22,116,足利義満と日明貿易,明,,,当時の中国の王朝,,,1,
C0438,○,6年,歴史,6年歴史23,6-02-23,117,金閣と北山文化,金閣,,★,足利義満が建てた山荘の一部で、北山文化を代表する建物,,,1,
C0439,○,6年,歴史,6年歴史23,6-02-23,117,金閣と北山文化,北山文化,,★,足利義満のころに栄えた、武家・公家・大陸文化が交わる文化,,,1,
C0440,○,6年,歴史,6年歴史24,6-02-24,118,銀閣と東山文化,銀閣,,★,足利義政が建てた山荘の一部で、東山文化を代表する建物,,,1,
C0441,○,6年,歴史,6年歴史24,6-02-24,118,銀閣と東山文化,東山文化,,★,室町時代後半に栄え、現在の日本文化にもつながる文化,,,1,
C0442,○,6年,歴史,6年歴史24,6-02-24,118,銀閣と東山文化,雪舟,,★,水墨画を大成した画家,,○,1,
C0443,○,6年,歴史,6年歴史24,6-02-24,118,銀閣と東山文化,書院造,,,現在の和室につながる建築様式,,,1,
C0444,○,6年,歴史,6年歴史24,6-02-24,118,銀閣と東山文化,足利義政,,★,銀閣を建てた室町幕府の8代将軍,,○,1,
C0445,○,6年,歴史,6年歴史25,6-02-25,119,民衆の力と室町社会,一揆,,★,人々が目的をもって団結し、集団で行動すること,,,1,
C0446,○,6年,歴史,6年歴史25,6-02-25,119,民衆の力と室町社会,農民,,★,農業を行う人々,,,1,
C0447,○,6年,歴史,6年歴史25,6-02-25,119,民衆の力と室町社会,商人,,,商品を売買する人,,,1,
C0448,○,6年,歴史,6年歴史25,6-02-25,119,民衆の力と室町社会,職人,,,専門的な技術でものをつくる人,,,1,
C0449,○,6年,歴史,6年歴史26,6-02-26,120,戦国の世へ,応仁の乱,,★,室町時代に起こり、戦国の世につながった大きな争い,,,1,
C0450,○,6年,歴史,6年歴史26,6-02-26,120,戦国の世へ,戦国時代,,★,各地の大名が領地を争った時代,,,1,
C0451,○,6年,歴史,6年歴史26,6-02-26,120,戦国の世へ,戦国大名,,★,各地で領地を支配した有力な武将,,,1,
C0452,○,6年,歴史,6年歴史26,6-02-26,120,戦国の世へ,下剋上,,,身分の低い者が上の者を倒して力をもつこと,,,1,
C0453,○,6年,歴史,6年歴史27,6-02-27,121,鉄砲とキリスト教の伝来,鉄砲伝来,,★,ポルトガル人によって鉄砲が日本に伝えられたこと,,,1,
C0454,○,6年,歴史,6年歴史27,6-02-27,121,鉄砲とキリスト教の伝来,キリスト教,,★,ザビエルらによって日本に伝えられた宗教,,,1,
C0455,○,6年,歴史,6年歴史27,6-02-27,121,鉄砲とキリスト教の伝来,フランシスコ・ザビエル,,★,日本にキリスト教を伝えた宣教師,,○,1,
C0456,○,6年,歴史,6年歴史27,6-02-27,121,鉄砲とキリスト教の伝来,南蛮貿易,,,日本とポルトガル・スペインなどとの貿易,,,1,
C0457,○,6年,歴史,6年歴史28,6-02-28,122,織田信長と天下統一への道,織田信長,,★,天下統一を進めた戦国武将,,○,1,
C0458,○,6年,歴史,6年歴史28,6-02-28,122,織田信長と天下統一への道,長篠の戦い,,★,信長らが鉄砲を活用して武田軍と戦った戦い,,,1,
C0459,○,6年,歴史,6年歴史28,6-02-28,122,織田信長と天下統一への道,関所,,,通行する人や物を調べたり税を取ったりする場所,,,1,
C0460,○,6年,歴史,6年歴史28,6-02-28,122,織田信長と天下統一への道,楽市・楽座,,,商業を活発にするため、市場や座の特権を改めた政策,,,1,
C0461,○,6年,歴史,6年歴史29,6-02-29,123,豊臣秀吉の天下統一,豊臣秀吉,,★,全国統一を完成させた人物,,○,1,
C0462,○,6年,歴史,6年歴史29,6-02-29,123,豊臣秀吉の天下統一,天下統一,,★,全国の大名を一つの政権のもとにまとめること,,,1,
C0463,○,6年,歴史,6年歴史29,6-02-29,123,豊臣秀吉の天下統一,本能寺の変,,,織田信長が家臣の明智光秀に攻められた出来事,,,1,
C0464,○,6年,歴史,6年歴史30,6-02-30,124,太閤検地と刀狩,太閤検地,,★,秀吉が全国の田畑や収穫量などを調べた政策,,,1,
C0465,○,6年,歴史,6年歴史30,6-02-30,124,太閤検地と刀狩,刀狩,,★,農民から武器を取り上げた政策,,,1,
C0466,○,6年,歴史,6年歴史30,6-02-30,124,太閤検地と刀狩,石高,,★,土地の生産力を米の量で表したもの,,,1,
C0467,○,6年,歴史,6年歴史30,6-02-30,124,太閤検地と刀狩,兵農分離,,,武士と農民の身分・役割を分けていくこと,,,1,
C0468,○,6年,歴史,6年歴史31,6-02-31,125,安土桃山文化と南蛮文化,安土桃山文化,,★,信長・秀吉の時代に栄えた豪華で力強い文化,,,1,
C0469,○,6年,歴史,6年歴史31,6-02-31,125,安土桃山文化と南蛮文化,南蛮文化,,★,ヨーロッパとの交流から入ってきた文化,,,1,
C0470,○,6年,歴史,6年歴史31,6-02-31,125,安土桃山文化と南蛮文化,城下町,,,城を中心に武士や商人などが集まった町,,,1,
C0471,○,6年,歴史,6年歴史32,6-02-32,126,徳川家康と江戸幕府,徳川家康,,★,関ヶ原の戦いに勝ち、江戸幕府を開いた人物,,○,1,
C0472,○,6年,歴史,6年歴史32,6-02-32,126,徳川家康と江戸幕府,関ヶ原の戦い,,★,家康が勝利し、全国支配を固めるきっかけとなった戦い,,,1,
C0473,○,6年,歴史,6年歴史32,6-02-32,126,徳川家康と江戸幕府,江戸幕府,,★,徳川家康が江戸に開いた武士の政権,,,1,
C0474,○,6年,歴史,6年歴史32,6-02-32,126,徳川家康と江戸幕府,征夷大将軍,,,武士の政権の長となる役職,,,1,
C0475,○,6年,歴史,6年歴史33,6-02-33,127,幕府と藩で全国を治める,大名,,★,幕府から領地の支配を認められた有力な武士,,,1,
C0476,○,6年,歴史,6年歴史33,6-02-33,127,幕府と藩で全国を治める,藩,,★,大名が治めた領地とその政治組織,,,1,
C0477,○,6年,歴史,6年歴史33,6-02-33,127,幕府と藩で全国を治める,親藩,,,徳川氏の一族の大名,,,1,
C0478,○,6年,歴史,6年歴史33,6-02-33,127,幕府と藩で全国を治める,譜代大名,,,古くから徳川氏に従った大名,,,1,
C0479,○,6年,歴史,6年歴史33,6-02-33,127,幕府と藩で全国を治める,外様大名,,,後から徳川氏に従った大名,,,1,
C0480,○,6年,歴史,6年歴史34,6-02-34,128,参勤交代,参勤交代,,★,大名が江戸と領地を定期的に往復する制度,,,1,
C0481,○,6年,歴史,6年歴史34,6-02-34,128,参勤交代,大名行列,,★,大名が家臣を連れて移動する行列,,,1,
C0482,○,6年,歴史,6年歴史34,6-02-34,128,参勤交代,統制,,,人や組織を一定の決まりに従わせること,,,2,文脈差（ページごとに定義が異なる）
C0483,○,6年,歴史,6年歴史34,6-02-34,128,参勤交代,徳川家光,,★,参勤交代を制度として整え、大名統制を強めた3代将軍,,○,1,
C0484,○,6年,歴史,6年歴史35,6-02-35,129,鎖国と外国との交流,鎖国,,★,幕府が外国との貿易や日本人の海外渡航などを厳しく制限した政策,,,1,
C0485,○,6年,歴史,6年歴史35,6-02-35,129,鎖国と外国との交流,出島,,★,長崎につくられ、オランダとの貿易の窓口となった人工島,,,1,
C0486,○,6年,歴史,6年歴史35,6-02-35,129,鎖国と外国との交流,オランダ,,,鎖国下でも長崎で貿易したヨーロッパの国,,,1,
C0487,○,6年,歴史,6年歴史35,6-02-35,129,鎖国と外国との交流,朝鮮通信使,,,朝鮮から日本へ派遣された使節,,,1,
C0488,○,6年,歴史,6年歴史36,6-02-36,130,江戸時代の人々のくらし,身分,,★,社会の中で決められた立場,,,1,
C0489,○,6年,歴史,6年歴史36,6-02-36,130,江戸時代の人々のくらし,百姓,,★,江戸時代に農業などを営み、村で生活した人々,,,1,
C0490,○,6年,歴史,6年歴史36,6-02-36,130,江戸時代の人々のくらし,町人,,★,主に都市で商業や手工業にたずさわった人々,,,1,
C0491,○,6年,歴史,6年歴史36,6-02-36,130,江戸時代の人々のくらし,年貢,,★,百姓などが領主に納めた米などの負担,,,2,標準定義（全ページ共通）
C0492,○,6年,歴史,6年歴史37,6-02-37,131,農業と村のくらし,新田開発,,★,新しく田畑を開くこと,,,1,
C0493,○,6年,歴史,6年歴史37,6-02-37,131,農業と村のくらし,年貢,,★,百姓などが領主に納めた米などの負担,,,2,標準定義（全ページ共通）
C0494,○,6年,歴史,6年歴史37,6-02-37,131,農業と村のくらし,用水路,,★,農業などに使う水を運ぶための水路,,,2,標準定義（全ページ共通）
C0495,○,6年,歴史,6年歴史37,6-02-37,131,農業と村のくらし,村役人,,,村の運営を担った人々,,,1,
C0496,○,6年,歴史,6年歴史38,6-02-38,132,交通と商業の発達,五街道,,★,江戸を中心に整えられた主要な街道,,,1,
C0497,○,6年,歴史,6年歴史38,6-02-38,132,交通と商業の発達,宿場,,★,街道沿いに置かれた、人や馬が休み宿泊する町,,,1,
C0498,○,6年,歴史,6年歴史38,6-02-38,132,交通と商業の発達,海運,,★,船で人や物を運ぶこと,,,1,
C0499,○,6年,歴史,6年歴史38,6-02-38,132,交通と商業の発達,大坂,,★,米や商品が集まった大きな商業都市,,,1,
C0500,○,6年,歴史,6年歴史39,6-02-39,133,町人文化が栄える,町人文化,,★,商人や職人など町人を中心に栄えた文化,,,1,
C0501,○,6年,歴史,6年歴史39,6-02-39,133,町人文化が栄える,歌舞伎,,★,江戸時代に発達した演劇,,,2,標準定義（全ページ共通）
C0502,○,6年,歴史,6年歴史39,6-02-39,133,町人文化が栄える,浮世絵,,★,江戸時代の人々や風景などを描いた絵,,,2,標準定義（全ページ共通）
C0503,○,6年,歴史,6年歴史39,6-02-39,133,町人文化が栄える,人形浄瑠璃,,,人形と語り、音楽を組み合わせた芸能,,,1,
C0504,○,6年,歴史,6年歴史40,6-02-40,134,近松門左衛門と歌舞伎,近松門左衛門,,★,人形浄瑠璃や歌舞伎の作品を書いた人物,,○,1,
C0505,○,6年,歴史,6年歴史40,6-02-40,134,近松門左衛門と歌舞伎,歌舞伎,,★,江戸時代に発達した演劇,,,2,標準定義（全ページ共通）
C0506,○,6年,歴史,6年歴史40,6-02-40,134,近松門左衛門と歌舞伎,浄瑠璃,,,三味線に合わせて物語を語る芸能,,,1,
C0507,○,6年,歴史,6年歴史41,6-02-41,135,浮世絵と歌川広重,浮世絵,,★,江戸時代の人々や風景などを描いた絵,,,2,標準定義（全ページ共通）
C0508,○,6年,歴史,6年歴史41,6-02-41,135,浮世絵と歌川広重,歌川広重,,★,江戸時代の風景版画で知られる浮世絵師,,○,1,
C0509,○,6年,歴史,6年歴史41,6-02-41,135,浮世絵と歌川広重,版画,,,版を使って同じ絵を何枚も刷る技法,,,1,
C0510,○,6年,歴史,6年歴史42,6-02-42,136,国学と本居宣長,国学,,★,日本の古典を研究し、日本の文化や考え方を明らかにしようとした学問,,,1,
C0511,○,6年,歴史,6年歴史42,6-02-42,136,国学と本居宣長,本居宣長,,★,『古事記』などを研究した国学者,,○,1,
C0512,○,6年,歴史,6年歴史42,6-02-42,136,国学と本居宣長,古典,,,昔から伝わる文学や記録,,,1,
C0513,○,6年,歴史,6年歴史43,6-02-43,137,蘭学と杉田玄白,蘭学,,★,オランダ語を通して西洋の科学や学問を学ぶこと,,,1,
C0514,○,6年,歴史,6年歴史43,6-02-43,137,蘭学と杉田玄白,杉田玄白,,★,『解体新書』の翻訳に関わった蘭学者,,○,1,
C0515,○,6年,歴史,6年歴史43,6-02-43,137,蘭学と杉田玄白,解体新書,,★,オランダ語の医学書をもとに翻訳された医学書,,,1,
C0516,○,6年,歴史,6年歴史44,6-02-44,138,伊能忠敬と日本地図,伊能忠敬,,★,全国を測量して精密な日本地図作成に取り組んだ人物,,○,1,
C0517,○,6年,歴史,6年歴史44,6-02-44,138,伊能忠敬と日本地図,測量,,★,土地の距離・位置・高さなどを測ること,,,1,
C0518,○,6年,歴史,6年歴史44,6-02-44,138,伊能忠敬と日本地図,地図,,,土地の位置や形などを縮めて表したもの,,,1,
C0519,○,6年,歴史,6年歴史45,6-02-45,139,黒船来航と開国,ペリー,,★,アメリカ艦隊を率いて来航し、日本に開国を求めた人物,,○,1,
C0520,○,6年,歴史,6年歴史45,6-02-45,139,黒船来航と開国,黒船,,★,ペリーが率いて来航した蒸気船などを当時の日本人が呼んだ名称,,,1,
C0521,○,6年,歴史,6年歴史45,6-02-45,139,黒船来航と開国,日米和親条約,,★,日本がアメリカと結び、開国への転換点となった条約,,,1,
C0522,○,6年,歴史,6年歴史45,6-02-45,139,黒船来航と開国,開国,,★,幕府が外国との交流・貿易を広げる方向へ政策を転換したこと,,,1,
C0523,○,6年,歴史,6年歴史46,6-02-46,140,幕府の終わり,徳川慶喜,,★,江戸幕府最後の将軍,,,1,
C0524,○,6年,歴史,6年歴史46,6-02-46,140,幕府の終わり,大政奉還,,★,徳川慶喜が政権を朝廷に返したこと,,,1,
C0525,○,6年,歴史,6年歴史46,6-02-46,140,幕府の終わり,幕末,,,江戸幕府が終わる前の時期,,,1,
C0526,○,6年,歴史,6年歴史46,6-02-46,140,幕府の終わり,勝海舟,,★,西郷隆盛と話し合い、江戸城の無血開城につなげた幕府側の人物,,○,1,
C0527,○,6年,歴史,6年歴史46,6-02-46,140,幕府の終わり,西郷隆盛,,★,勝海舟と話し合い、江戸城の無血開城につなげた新政府側の人物,,○,1,
C0528,○,6年,歴史,6年歴史47,6-02-47,141,明治維新と新しい国づくり,明治維新,,★,幕府が倒れ、明治政府が近代国家づくりを進めた一連の改革,,,1,
C0529,○,6年,歴史,6年歴史47,6-02-47,141,明治維新と新しい国づくり,明治政府,,★,江戸幕府に代わって成立した新しい政府,,,1,
C0530,○,6年,歴史,6年歴史47,6-02-47,141,明治維新と新しい国づくり,近代化,,,社会や政治、産業などを近代的な仕組みに変えること,,,1,
C0531,○,6年,歴史,6年歴史47,6-02-47,141,明治維新と新しい国づくり,明治天皇,,★,五箇条の御誓文で新しい国の方針を示した天皇,,○,1,
C0532,○,6年,歴史,6年歴史47,6-02-47,141,明治維新と新しい国づくり,大久保利通,,★,明治政府の中心として富国強兵などを進めた人物,,○,1,
C0533,○,6年,歴史,6年歴史47,6-02-47,141,明治維新と新しい国づくり,木戸孝允,,★,明治政府の中心として廃藩置県などを進めた人物,,○,1,
C0534,○,6年,歴史,6年歴史48,6-02-48,142,五箇条の御誓文,五箇条の御誓文,,★,明治政府が示した新しい国づくりの基本方針,,,1,
C0535,○,6年,歴史,6年歴史48,6-02-48,142,五箇条の御誓文,方針,,,物事を進める基本的な考え,,,1,
C0536,○,6年,歴史,6年歴史49,6-02-49,143,廃藩置県と四民平等,廃藩置県,,★,藩を廃止して府・県を置いた改革,,,1,
C0537,○,6年,歴史,6年歴史49,6-02-49,143,廃藩置県と四民平等,四民平等,,★,江戸時代の身分の区別を改め、法の上で平等を目指した政策,,,1,
C0538,○,6年,歴史,6年歴史49,6-02-49,143,廃藩置県と四民平等,中央集権,,,中央政府に政治の権限を集める仕組み,,,1,
C0539,○,6年,歴史,6年歴史50,6-02-50,144,学制・徴兵令・地租改正,学制,,★,近代的な学校制度を整えるために定められた制度,,,1,
C0540,○,6年,歴史,6年歴史50,6-02-50,144,学制・徴兵令・地租改正,徴兵令,,★,一定の条件の男子に兵役を課した制度,,,1,
C0541,○,6年,歴史,6年歴史50,6-02-50,144,学制・徴兵令・地租改正,地租改正,,★,土地の価格を基準に現金で税を納める制度へ改めた改革,,,1,
C0542,○,6年,歴史,6年歴史50,6-02-50,144,学制・徴兵令・地租改正,地租,,,土地に対してかけられた税,,,1,
C0543,○,6年,歴史,6年歴史51,6-02-51,145,富国強兵と殖産興業,富国強兵,,★,国を豊かにし、軍事力を強めようとする政策,,,1,
C0544,○,6年,歴史,6年歴史51,6-02-51,145,富国強兵と殖産興業,殖産興業,,★,産業を育て、近代化を進める政策,,,1,
C0545,○,6年,歴史,6年歴史51,6-02-51,145,富国強兵と殖産興業,富岡製糸場,,★,明治政府が設けた官営の製糸工場,,,1,
C0546,○,6年,歴史,6年歴史51,6-02-51,145,富国強兵と殖産興業,官営,,,政府が経営すること,,,1,
C0547,○,6年,歴史,6年歴史52,6-02-52,146,文明開化,文明開化,,★,明治初期に欧米の文化や生活様式が広がったこと,,,1,
C0548,○,6年,歴史,6年歴史52,6-02-52,146,文明開化,福沢諭吉,,★,西洋の学問や考えを日本に紹介した人物,,○,1,
C0549,○,6年,歴史,6年歴史52,6-02-52,146,文明開化,郵便,,,手紙などを運び届ける仕組み,,,1,
C0550,○,6年,歴史,6年歴史52,6-02-52,146,文明開化,鉄道,,★,明治初期から整備された近代交通,,,2,文脈差（ページごとに定義が異なる）
C0551,○,6年,歴史,6年歴史53,6-02-53,147,自由民権運動,自由民権運動,,★,国民の政治参加や国会開設などを求めた運動,,,1,
C0552,○,6年,歴史,6年歴史53,6-02-53,147,自由民権運動,板垣退助,,★,自由民権運動を進めた代表的な人物,,○,1,
C0553,○,6年,歴史,6年歴史53,6-02-53,147,自由民権運動,国会開設,,,国民の代表が政治を話し合う議会を開くこと,,,1,
C0554,○,6年,歴史,6年歴史53,6-02-53,147,自由民権運動,大隈重信,,★,国会の早期開設を主張し、のちに政党政治にも関わった人物,,○,1,
C0555,○,6年,歴史,6年歴史54,6-02-54,148,大日本帝国憲法,大日本帝国憲法,,★,明治時代に制定された日本の憲法,,,1,
C0556,○,6年,歴史,6年歴史54,6-02-54,148,大日本帝国憲法,伊藤博文,,★,大日本帝国憲法の制定を中心となって進めた人物,,○,1,
C0557,○,6年,歴史,6年歴史54,6-02-54,148,大日本帝国憲法,立憲政治,,★,憲法にもとづいて行う政治,,,1,
C0558,○,6年,歴史,6年歴史54,6-02-54,148,大日本帝国憲法,発布,,,国が憲法などを正式に広く知らせること,,,1,
C0559,○,6年,歴史,6年歴史55,6-02-55,149,帝国議会が開かれる,帝国議会,,★,大日本帝国憲法のもとで開かれた国の議会,,,1,
C0560,○,6年,歴史,6年歴史55,6-02-55,149,帝国議会が開かれる,衆議院,,★,選挙で選ばれた議員からなる議院,,,2,文脈差（ページごとに定義が異なる）
C0561,○,6年,歴史,6年歴史55,6-02-55,149,帝国議会が開かれる,貴族院,,,皇族・華族などを中心に構成された議院,,,1,
C0562,○,6年,歴史,6年歴史55,6-02-55,149,帝国議会が開かれる,選挙権,,★,選挙で投票できる権利,,,2,標準定義（全ページ共通）
C0563,○,6年,歴史,6年歴史56,6-02-56,150,条約改正への努力,不平等条約,,★,日本に不利な内容を含んでいた外国との条約,,,1,
C0564,○,6年,歴史,6年歴史56,6-02-56,150,条約改正への努力,条約改正,,★,不平等な条約の内容を改めること,,,1,
C0565,○,6年,歴史,6年歴史56,6-02-56,150,条約改正への努力,陸奥宗光,,★,領事裁判権の撤廃を実現した外務大臣,,○,1,
C0566,○,6年,歴史,6年歴史56,6-02-56,150,条約改正への努力,小村寿太郎,,★,関税自主権の回復を実現した外務大臣,,○,2,文脈差（ページごとに定義が異なる）
C0567,○,6年,歴史,6年歴史57,6-02-57,151,日清戦争,日清戦争,,★,日本と清の間で行われた戦争,,,1,
C0568,○,6年,歴史,6年歴史57,6-02-57,151,日清戦争,下関条約,,★,日清戦争後に日本と清が結んだ講和条約,,,1,
C0569,○,6年,歴史,6年歴史57,6-02-57,151,日清戦争,清,,,当時の中国の王朝,,,1,
C0570,○,6年,歴史,6年歴史57,6-02-57,151,日清戦争,賠償金,,,戦争による損害などに対して支払うお金,,,1,
C0571,○,6年,歴史,6年歴史58,6-02-58,152,日露戦争,日露戦争,,★,日本とロシアの間で行われた戦争,,,1,
C0572,○,6年,歴史,6年歴史58,6-02-58,152,日露戦争,ポーツマス条約,,★,日露戦争後に日本とロシアが結んだ講和条約,,,1,
C0573,○,6年,歴史,6年歴史58,6-02-58,152,日露戦争,小村寿太郎,,★,ポーツマス条約の交渉に当たった人物,,○,2,文脈差（ページごとに定義が異なる）
C0574,○,6年,歴史,6年歴史58,6-02-58,152,日露戦争,東郷平八郎,,★,連合艦隊司令長官として日本海海戦を指揮した人物,,○,1,
C0575,○,6年,歴史,6年歴史59,6-02-59,153,韓国併合と植民地支配,韓国併合,,★,日本が韓国を植民地として支配するようになったこと,,,1,
C0576,○,6年,歴史,6年歴史59,6-02-59,153,韓国併合と植民地支配,植民地,,★,他国に支配され、政治や経済などを統制される地域,,,1,
C0577,○,6年,歴史,6年歴史59,6-02-59,153,韓国併合と植民地支配,植民地支配,,,他国・地域を政治的、経済的に支配すること,,,1,
C0578,○,6年,歴史,6年歴史60,6-02-60,154,近代産業の発展,近代産業,,★,機械や工場を使って大量に生産する産業,,,1,
C0579,○,6年,歴史,6年歴史60,6-02-60,154,近代産業の発展,軽工業,,★,繊維や食品など比較的軽い製品をつくる工業,,,1,
C0580,○,6年,歴史,6年歴史60,6-02-60,154,近代産業の発展,重工業,,★,鉄鋼・機械・造船などを中心とする工業,,,1,
C0581,○,6年,歴史,6年歴史60,6-02-60,154,近代産業の発展,八幡製鉄所,,★,日本の近代重工業を支えた官営製鉄所,,,1,
C0582,○,6年,歴史,6年歴史61,6-02-61,155,明治の文化と教育,夏目漱石,,,明治時代を代表する小説家,,,1,
C0583,○,6年,歴史,6年歴史61,6-02-61,155,明治の文化と教育,野口英世,,★,感染症などの研究に取り組んだ医学者,,○,1,
C0584,○,6年,歴史,6年歴史61,6-02-61,155,明治の文化と教育,科学,,,観察や実験などを通して自然の仕組みを調べる学問,,,1,
C0585,○,6年,歴史,6年歴史62,6-02-62,156,第一次世界大戦と日本,第一次世界大戦,,★,1914年に始まり、多くの国が参加した世界規模の戦争,,,1,
C0586,○,6年,歴史,6年歴史62,6-02-62,156,第一次世界大戦と日本,大戦景気,,★,第一次世界大戦中、日本の輸出や生産が増えて景気がよくなったこと,,,1,
C0587,○,6年,歴史,6年歴史62,6-02-62,156,第一次世界大戦と日本,連合国,,,第一次世界大戦で日本が参加した側,,,2,文脈差（ページごとに定義が異なる）
C0588,○,6年,歴史,6年歴史63,6-02-63,157,米騒動と社会運動,米騒動,,★,米価の高騰に対して各地で起こった抗議運動,,,1,
C0589,○,6年,歴史,6年歴史63,6-02-63,157,米騒動と社会運動,社会運動,,★,社会や政治を変えようと人々が行う運動,,,1,
C0590,○,6年,歴史,6年歴史63,6-02-63,157,米騒動と社会運動,労働運動,,,労働者が待遇改善などを求める運動,,,1,
C0591,○,6年,歴史,6年歴史64,6-02-64,158,大正デモクラシー,大正デモクラシー,,★,大正時代に広がった民主主義的な政治や社会を求める動き,,,1,
C0592,○,6年,歴史,6年歴史64,6-02-64,158,大正デモクラシー,吉野作造,,★,民本主義を唱えた政治学者,,,1,
C0593,○,6年,歴史,6年歴史64,6-02-64,158,大正デモクラシー,民本主義,,,政治は民衆の利益や意向を重んじるべきだという考え,,,1,
C0594,○,6年,歴史,6年歴史65,6-02-65,159,普通選挙と女性の政治参加,普通選挙法,,★,財産の条件をなくし、多くの成人男性に選挙権を広げた法律,,,1,
C0595,○,6年,歴史,6年歴史65,6-02-65,159,普通選挙と女性の政治参加,普通選挙,,★,財産などによる制限を設けず、一定年齢以上の人に選挙権を認める制度,,,1,
C0596,○,6年,歴史,6年歴史65,6-02-65,159,普通選挙と女性の政治参加,政治参加,,,選挙などを通して政治に関わること,,,1,
C0597,○,6年,歴史,6年歴史66,6-02-66,160,世界恐慌と日本,世界恐慌,,★,1929年に始まり、世界各国へ広がった深刻な不況,,,1,
C0598,○,6年,歴史,6年歴史66,6-02-66,160,世界恐慌と日本,不況,,★,生産や消費が落ち込み、経済活動が弱くなる状態,,,1,
C0599,○,6年,歴史,6年歴史66,6-02-66,160,世界恐慌と日本,失業,,,働きたいのに仕事がないこと,,,1,
C0600,○,6年,歴史,6年歴史67,6-02-67,161,満州事変と軍部の力,満州事変,,★,日本の軍部が中国東北部で軍事行動を広げた出来事,,,1,
C0601,○,6年,歴史,6年歴史67,6-02-67,161,満州事変と軍部の力,満州国,,★,日本の強い影響下で中国東北部につくられた国,,,1,
C0602,○,6年,歴史,6年歴史67,6-02-67,161,満州事変と軍部の力,国際連盟,,★,第一次世界大戦後につくられた国際平和を目指す組織,,,1,
C0603,○,6年,歴史,6年歴史67,6-02-67,161,満州事変と軍部の力,軍部,,,軍隊を指導する組織やその幹部,,,1,
C0604,○,6年,歴史,6年歴史68,6-02-68,162,日中戦争,日中戦争,,★,1937年から本格化した日本と中国の戦争,,,1,
C0605,○,6年,歴史,6年歴史68,6-02-68,162,日中戦争,戦時体制,,★,社会や経済を戦争のために動かす体制,,,1,
C0606,○,6年,歴史,6年歴史68,6-02-68,162,日中戦争,統制,,,国などが生産や生活を強く管理すること,,,2,文脈差（ページごとに定義が異なる）
C0607,○,6年,歴史,6年歴史69,6-02-69,163,第二次世界大戦と太平洋戦争,第二次世界大戦,,★,1939年に始まり世界各地へ広がった大規模な戦争,,,1,
C0608,○,6年,歴史,6年歴史69,6-02-69,163,第二次世界大戦と太平洋戦争,太平洋戦争,,★,1941年から日本がアメリカ・イギリスなどと戦った戦争,,,1,
C0609,○,6年,歴史,6年歴史69,6-02-69,163,第二次世界大戦と太平洋戦争,連合国,,,アメリカ・イギリス・中国などを中心とする側,,,2,文脈差（ページごとに定義が異なる）
C0610,○,6年,歴史,6年歴史70,6-02-70,164,戦争中の人々のくらし,配給,,★,食料や物資を一定量ずつ分けて配ること,,,1,
C0611,○,6年,歴史,6年歴史70,6-02-70,164,戦争中の人々のくらし,学童疎開,,★,空襲を避けるため子どもたちを都市から地方へ移したこと,,,1,
C0612,○,6年,歴史,6年歴史70,6-02-70,164,戦争中の人々のくらし,学徒勤労動員,,★,学生や生徒が工場などで働かされたこと,,,1,
C0613,○,6年,歴史,6年歴史70,6-02-70,164,戦争中の人々のくらし,供出,,,国の求めに応じて物資などを差し出すこと,,,1,
C0614,○,6年,歴史,6年歴史71,6-02-71,165,空襲・沖縄戦・原子爆弾,空襲,,★,航空機から爆弾などで攻撃すること,,,1,
C0615,○,6年,歴史,6年歴史71,6-02-71,165,空襲・沖縄戦・原子爆弾,沖縄戦,,★,太平洋戦争末期に沖縄で行われた激しい地上戦,,,1,
C0616,○,6年,歴史,6年歴史71,6-02-71,165,空襲・沖縄戦・原子爆弾,原子爆弾,,★,核反応を利用し非常に大きな破壊力をもつ爆弾,,,1,
C0617,○,6年,歴史,6年歴史72,6-02-72,166,敗戦と戦争の終わり,ポツダム宣言,,★,日本に降伏を求めた連合国の宣言,,,1,
C0618,○,6年,歴史,6年歴史72,6-02-72,166,敗戦と戦争の終わり,敗戦,,★,戦争に敗れること,,,1,
C0619,○,6年,歴史,6年歴史72,6-02-72,166,敗戦と戦争の終わり,終戦,,,戦争が終わること,,,1,
C0620,○,6年,歴史,6年歴史73,6-02-73,167,占領と民主化,GHQ,,★,占領期に日本の改革を指導した連合国軍総司令部,,,1,
C0621,○,6年,歴史,6年歴史73,6-02-73,167,占領と民主化,民主化,,★,国民の権利や政治参加を広げる改革,,,1,
C0622,○,6年,歴史,6年歴史73,6-02-73,167,占領と民主化,農地改革,,★,地主の土地を小作人などへ広く移した改革,,,1,
C0623,○,6年,歴史,6年歴史73,6-02-73,167,占領と民主化,女性参政権,,,女性が選挙など政治に参加する権利,,,1,
C0624,○,6年,歴史,6年歴史74,6-02-74,168,日本国憲法の制定,日本国憲法,,★,戦後に制定された、日本の政治と国民生活の基本を定める最高法規,,,2,標準定義（全ページ共通）
C0625,○,6年,歴史,6年歴史74,6-02-74,168,日本国憲法の制定,国民主権,,★,政治の最終的な決定権が国民にあること,,,2,標準定義（全ページ共通）
C0626,○,6年,歴史,6年歴史74,6-02-74,168,日本国憲法の制定,基本的人権の尊重,,★,一人一人の基本的人権を大切にする考え,,,2,標準定義（全ページ共通）
C0627,○,6年,歴史,6年歴史74,6-02-74,168,日本国憲法の制定,平和主義,,★,戦争を放棄し、平和を重んじる考え,,,3,標準定義（全ページ共通）
C0628,○,6年,歴史,6年歴史75,6-02-75,169,新しい社会と戦後復興,戦後復興,,★,戦争で大きな被害を受けた社会や経済を立て直すこと,,,1,
C0629,○,6年,歴史,6年歴史75,6-02-75,169,新しい社会と戦後復興,復興,,★,被害を受けた地域の生活や産業、社会を立て直すこと,,,3,標準定義（全ページ共通）
C0630,○,6年,歴史,6年歴史75,6-02-75,169,新しい社会と戦後復興,民主国家,,,国民の意思を政治に反映することを基本とする国家,,,1,
C0631,○,6年,歴史,6年歴史76,6-02-76,170,国際社会への復帰,サンフランシスコ平和条約,,★,日本と多くの国との戦争状態を終わらせるために結ばれた条約,,,1,
C0632,○,6年,歴史,6年歴史76,6-02-76,170,国際社会への復帰,主権回復,,★,日本が独立国として自ら政治を行う状態を回復したこと,,,1,
C0633,○,6年,歴史,6年歴史76,6-02-76,170,国際社会への復帰,国際連合,,★,世界の平和と国際協力を目的としてつくられた国際機関,,,2,標準定義（全ページ共通）
C0634,○,6年,歴史,6年歴史76,6-02-76,170,国際社会への復帰,吉田茂,,★,戦後の復興や講和を進めた内閣総理大臣,,,1,
C0635,○,6年,歴史,6年歴史77,6-02-77,171,高度経済成長とくらし,高度経済成長,,★,戦後、日本の経済が急速に成長した時期,,,1,
C0636,○,6年,歴史,6年歴史77,6-02-77,171,高度経済成長とくらし,家庭電化製品,,★,電気を利用して家庭生活を便利にする製品,,,1,
C0637,○,6年,歴史,6年歴史77,6-02-77,171,高度経済成長とくらし,大量生産,,,多くの商品を効率よくつくること,,,1,
C0638,○,6年,歴史,6年歴史77,6-02-77,171,高度経済成長とくらし,生活水準,,,人々の生活の豊かさや便利さの程度,,,1,
C0639,○,6年,歴史,6年歴史78,6-02-78,172,東京オリンピックと戦後日本,東京オリンピック,,★,1964年に東京で開かれた夏季オリンピック,,,1,
C0640,○,6年,歴史,6年歴史78,6-02-78,172,東京オリンピックと戦後日本,新幹線,,★,高速で都市を結ぶ鉄道,,,1,
C0641,○,6年,歴史,6年歴史78,6-02-78,172,東京オリンピックと戦後日本,国際交流,,★,国や地域をこえて人々が交流すること,,,4,標準定義（全ページ共通）
C0642,○,6年,国際,6年国際①,6-03-01,174,世界とつながる日本,国際交流,,★,国や地域をこえて人々が交流すること,,,4,標準定義（全ページ共通）
C0643,○,6年,国際,6年国際①,6-03-01,174,世界とつながる日本,国際社会,,★,世界の国々が互いに関係しながら成り立つ社会,,,1,
C0644,○,6年,国際,6年国際①,6-03-01,174,世界とつながる日本,文化,,★,人々の生活の中で生まれ、受け継がれる習慣・言語・芸術など,,,2,標準定義（全ページ共通）
C0645,○,6年,国際,6年国際①,6-03-01,174,世界とつながる日本,相互理解,,★,お互いの文化や考え方、違いを理解し合うこと,,,2,標準定義（全ページ共通）
C0646,○,6年,国際,6年国際②,6-03-02,175,日本とつながりの深い国々,文化,,★,人々の生活の中で生まれ、受け継がれる習慣・言語・芸術など,,,2,標準定義（全ページ共通）
C0647,○,6年,国際,6年国際②,6-03-02,175,日本とつながりの深い国々,習慣,,★,社会や地域で続けられている生活上の行い,,,1,
C0648,○,6年,国際,6年国際②,6-03-02,175,日本とつながりの深い国々,日系人,,,日本から移住した人やその子孫,,,1,
C0649,○,6年,国際,6年国際③,6-03-03,176,スポーツ・文化でつながる,国際交流,,★,国や地域をこえて人々が交流すること,,,4,標準定義（全ページ共通）
C0650,○,6年,国際,6年国際③,6-03-03,176,スポーツ・文化でつながる,相互理解,,★,お互いの文化や考え方、違いを理解し合うこと,,,2,標準定義（全ページ共通）
C0651,○,6年,国際,6年国際③,6-03-03,176,スポーツ・文化でつながる,パラリンピック,,,障害のある選手による国際的な総合スポーツ大会,,,1,
C0652,○,6年,国際,6年国際④,6-03-04,177,日本の国際協力,国際協力,,★,国や人々が世界の課題を解決するために協力すること,,,2,標準定義（全ページ共通）
C0653,○,6年,国際,6年国際④,6-03-04,177,日本の国際協力,JICA,,★,日本の国際協力を実施する機関,,,1,
C0654,○,6年,国際,6年国際④,6-03-04,177,日本の国際協力,技術協力,,,知識や技術、人材育成などを通して協力すること,,,1,
C0655,○,6年,国際,6年国際⑤,6-03-05,178,国際連合の働き,国際連合,,★,世界の平和と国際協力を目的としてつくられた国際機関,,,2,標準定義（全ページ共通）
C0656,○,6年,国際,6年国際⑤,6-03-05,178,国際連合の働き,UNICEF,,★,世界の子どもたちを支援する国連機関,,,1,
C0657,○,6年,国際,6年国際⑤,6-03-05,178,国際連合の働き,UNESCO,,★,教育・科学・文化などを通じて平和に取り組む国連機関,,,1,
C0658,○,6年,国際,6年国際⑤,6-03-05,178,国際連合の働き,国際機関,,,複数の国が共通の目的のためにつくる組織,,,1,
